인허가일자,영업상태명,폐업일자,지번주소,도로명주소,사업자명,업태구분명,행정구
2008,폐업,2018.0,서울특별시 종로구 돈의동 78번지,서울특별시 종로구 돈화문로9길 26 (돈의동),춘원당한방병원,한방병원,종로구
2008,폐업,2011.0,서울특별시 종로구 창신1동 327번지 2호 금호팰리스 4층,서울특별시 종로구 지봉로 29 (창신동),동대문요양병원,요양병원,종로구
1982,폐업,2013.0,서울특별시 종로구 관훈동 196-10,,해정병원,병원,종로구
2006,폐업,2012.0,서울특별시 종로구 종로2가 75번지 9호,서울특별시 종로구 종로 78 (종로2가),밀레니엄치과병원,치과병원,종로구
1966,폐업,2008.0,서울특별시 종로구 종로6가 70,,이대부속동대문병원,종합병원,종로구
1989,영업/정상,,,서울특별시 종로구 삼청로10길 13 (삼청동),서울지구병원,병원,종로구
2004,영업/정상,,,서울특별시 종로구 대학로 101 (연건동),서울대학교치과병원,치과병원,종로구
2001,폐업,,서울특별시 영등포구 양평동1가   120-32,,지성병원,병원,영등포구
1987,영업/정상,,서울특별시 종로구 무악동 32번지 2호,서울특별시 종로구 통일로 256 (무악동),세란병원,종합병원,종로구
2019,영업/정상,,"서울특별시 강남구 논현동 2번지 10호 아이올리빌딩, 1층~4층","서울특별시 강남구 도산대로6길 14, 아이올리빌딩 1층~4층층 (논현동)",미림한방병원,한방병원,강남구
2001,영업/정상,,서울특별시 동작구 노량진동 311번지 8호 외 4필지,서울특별시 동작구 장승배기로 108 (노량진동),청화병원,병원,동작구
2020,영업/정상,,서울특별시 강남구 도곡동 542 치휴한방병원(지하2층~지상6층),"서울특별시 강남구 도곡로 216, 치휴한방병원 (도곡동)",치휴한방병원,한방병원,강남구
2020,영업/정상,,서울특별시 강서구 마곡동 799-11 파인스퀘어,"서울특별시 강서구 마곡중앙4로 22, 파인스퀘어 3,4층 (마곡동)",보금한방병원,한방병원,강서구
1979,영업/정상,,서울특별시 종로구 평동 108,서울특별시 종로구 새문안로 29 (평동),강북삼성병원,종합병원,종로구
1977,영업/정상,,,"서울특별시 종로구 새문안로 9, 적십자병원 (평동)",서울적십자병원,종합병원,종로구
2019,영업/정상,,서울특별시 강동구 성내동 452번지 느루요양병원빌딩,"서울특별시 강동구 강동대로 143-52, 느루요양병원빌딩 (성내동)",느루요양병원,요양병원,강동구
2015,영업/정상,,서울특별시 영등포구 신길동 505번지 2층~7층,"서울특별시 영등포구 여의대방로 145, 2~7층 (신길동, 세인트빌딩)",서울바른병원,병원,영등포구
2000,영업/정상,,서울특별시 중구 충무로1가 25번지 5호 고려대연각센터빌딩 3층 306호,"서울특별시 중구 퇴계로 97, 3층 306호 (충무로1가, 고려대연각센터빌딩)",한누리치과병원,치과병원,중구
2005,폐업,2011.0,서울특별시 중구 을지로3가 302-1 1층,,사단법인) 누가선교회 누가치과병원,치과병원,중구
2010,폐업,2015.0,서울특별시 중구 남대문로1가 18번지  대일빌딩 11층,"서울특별시 중구 남대문로 120 (남대문로1가,대일빌딩 11층)",네모치과병원(명동점),치과병원,중구
2010,폐업,2013.0,서울특별시 중구 신당동 291번지 48호,서울특별시 중구 다산로36길 11 (신당동),동산요양병원,요양병원,중구
2016,영업/정상,,서울특별시 중구 순화동 1번지 170호 케이지타워,"서울특별시 중구 통일로 92, 케이지타워 1,2,8층 (순화동)",광화문자생한방병원,한방병원,중구
2016,영업/정상,,서울특별시 중구 흥인동 86번지 리마크빌 2~3층,"서울특별시 중구 다산로 258, 2,3층 (흥인동, 리마크빌)",참바로병원,병원,중구
2006,영업/정상,,서울특별시 중구 신당동 422번지 4호,서울특별시 중구 동호로 202 (신당동),반도정형외과병원,병원,중구
2006,영업/정상,,,"서울특별시 중구 장충단로 263, 14층 (을지로6가, 밀리오레상가건물)",더블유치과병원,치과병원,중구
2006,영업/정상,,서울특별시 중구 신당동 336번지 3호,"서울특별시 중구 다산로 175, 3층 (신당동, 명덕빌딩)",유치과병원,치과병원,중구
2010,영업/정상,,서울특별시 중구 명동1가 53번지 1호 7층,"서울특별시 중구 명동길 43, 7층 (명동1가, 신한은행)",라임나무치과병원,치과병원,중구
2011,영업/정상,,,"서울특별시 중구 퇴계로 447, 211~213호 (황학동, 황학아크로타워)",연세스위트치과병원,치과병원,중구
2008,영업/정상,,서울특별시 중랑구 상봉동 101번지 이지팰리스,"서울특별시 중랑구 망우로 316, 이지팰리스 5~7층 503-2,504,505,601~605,701~705호 (상봉동)",한걸음요양병원,요양병원,중랑구
2000,영업/정상,,서울특별시 성동구 도선동 365번지 1호,서울특별시 성동구 무학로2길 8 (도선동),연세슬기병원,병원,성동구
1976,영업/정상,,,서울특별시 중구 마른내로 9 (저동2가),인제대학교 서울백병원,종합병원,중구
2017,영업/정상,,서울특별시 노원구 상계동 1142번지 9호,"서울특별시 노원구 동일로243길 45 (상계동, 사랑요양병원)",의료법인 행복나눔의료재단 사랑요양병원,요양병원,노원구
1981,영업/정상,,서울특별시 중구 묵정동 1번지 19호,서울특별시 중구 서애로1길 17 (묵정동),의료법인 제일의료재단 제일병원,병원,중구
1994,영업/정상,,,"서울특별시 중구 다산로 78 (신당동, 송도병원)",서울송도병원,병원,중구
2002,폐업,2017.0,,"서울특별시 중구 세종대로21길 52, 1층 (태평로1가, 조선일보광화문빌딩)",산치과병원,치과병원,중구
1982,폐업,2008.0,서울특별시 용산구 한남동 657-59,,서울백제병원,병원,용산구
1984,폐업,2011.0,서울특별시 용산구 한강로3가 65번지,,중대용산병원(학교법인 중앙대학교),종합병원,용산구
2006,폐업,2010.0,서울특별시 용산구 효창동5-99,,효창중앙병원,병원,용산구
1984,영업/정상,,서울특별시 용산구 이촌동 301번지 165호,서울특별시 용산구 이촌로 318 (이촌동),금강아산병원(재단법인 아산사회복지재단),병원,용산구
2012,폐업,2014.0,"서울특별시 용산구  55번지 B1층, 1층",서울특별시 용산구 한강대로40가길 24 (한강로2가),서울원광한방병원,한방병원,용산구
1978,영업/정상,,서울특별시 용산구 한남동 657번지 (대사관로 59),서울특별시 용산구 대사관로 59 (한남동),순천향대학교 부속 서울병원,종합병원,용산구
1982,영업/정상,,서울특별시 용산구 서계동 224번지 32호,"서울특별시 용산구 청파로 383 (서계동, 소화아동병원)",소화병원(의료법인 소화병원),병원,용산구
2010,폐업,2011.0,서울특별시 용산구 이태원1동 22번지 2호 청화아파트 상가동 301호,"서울특별시 용산구 장문로 27 (이태원동,청화아파트 상가동 301호)",신명한방병원,한방병원,용산구
2006,폐업,2012.0,서울특별시 성동구 송정동 81번지 14호,서울특별시 성동구 광나루로 243 (송정동),제인한방병원,한방병원,성동구
2009,폐업,2012.0,서울특별시 성동구 용답동 235번지 8호,서울특별시 성동구 자동차시장1길 85 (용답동),은혜요양병원,요양병원,성동구
2016,영업/정상,,서울특별시 노원구 월계동 50번지 1호,서울특별시 노원구 화랑로 323 (월계동),더조은요양병원,요양병원,노원구
2011,폐업,2014.0,서울특별시 성동구 용답동 2번지 3호 장안빌딩 3층,"서울특별시 성동구 천호대로 320, 3층 (용답동)",네오메디플러스치과병원,치과병원,성동구
2012,폐업,2012.0,"서울특별시 성동구 용답동 235번지 8호 (3,4층)",서울특별시 성동구 자동차시장1길 85 (용답동),효하수요양병원,요양병원,성동구
2012,폐업,2016.0,"서울특별시 성동구 용답동 235번지 8호 (지하1층, 지상3,4,5층)","서울특별시 성동구 자동차시장1길 85, 지하1, 지상3~5층 (용답동)",시온요양병원,요양병원,성동구
1979,폐업,2015.0,서울특별시 성동구 행당1동 130번지 115호,서울특별시 성동구 왕십리로 269 (행당동),의료법인구봉의료재단 세왕병원,병원,성동구
1985,폐업,2018.0,서울특별시 성동구 금호동2가 500번지 9호,서울특별시 성동구 금호산길 41 (금호동2가),서울중앙병원,병원,성동구
2000,폐업,2012.0,서울특별시 성동구 하왕십리동 846번지 10호,,동인병원,병원,성동구
2002,폐업,2009.0,서울특별시 성동구 성수2가3동 275번지 2호,,영동병원,병원,성동구
2017,영업/정상,,서울특별시 성동구 행당동 130번지 115호 9988병원빌딩,서울특별시 성동구 왕십리로 269 (행당동),9988병원,병원,성동구
2005,영업/정상,,서울특별시 성동구 홍익동 102번지,서울특별시 성동구 마장로 207 (홍익동),서울특별시장애인치과병원,치과병원,성동구
2009,영업/정상,,서울특별시 성동구 성수2가3동 275번지 2호,서울특별시 성동구 동일로 93 (성수동2가),서울효사랑요양병원,요양병원,성동구
2016,영업/정상,,서울특별시 성동구 용답동 235번지 8호,"서울특별시 성동구 자동차시장1길 85, 지하1,지상3~5층 (용답동, JS빌딩)",시온요양병원,요양병원,성동구
2016,영업/정상,,서울특별시 도봉구 쌍문동 503번지 8호,"서울특별시 도봉구 삼양로 574, 2~5층 (쌍문동)",서울사랑요양병원,요양병원,도봉구
2017,영업/정상,,,"서울특별시 성동구 천호대로 436, 2~7층 (용답동)",굿모닝요양병원,요양병원,성동구
2010,영업/정상,,서울특별시 성동구 행당1동 198번지 1호,서울특별시 성동구 왕십리로 296 (행당동),서울연세병원,병원,성동구
2009,휴업,,서울특별시 강남구 논현동 59번지,"서울특별시 강남구 도산대로 202 (논현동, 강남을지병원)",강남을지대학교병원,병원,강남구
2011,휴업,,서울특별시 중구 을지로3가 302번지 1호,서울특별시 중구 을지로14길 12 (을지로3가),을지치과병원,치과병원,중구
2008,폐업,2012.0,서울특별시 성동구 성수2가3동 279번지 44호,서울특별시 성동구 동일로 133 (성수동2가),프라임병원,병원,성동구
1990,폐업,2015.0,서울특별시 광진구 화양동 21번지 20호,서울특별시 광진구 동일로30길 9 (화양동),최차혜병원,병원,광진구
2012,영업/정상,,서울특별시 광진구 능동 222번지 13호 외 222-14,서울특별시 광진구 천호대로 568 (능동),연세무척나은병원,병원,광진구
2008,폐업,2008.0,서울특별시 광진구 화양동 24번지 17호,서울특별시 광진구 동일로 154 (화양동),동부병원,병원,광진구
2009,폐업,2011.0,서울특별시 광진구 구의1동 234번지 14호,서울특별시 광진구 광나루로 506 (구의동),광진구의한방병원,한방병원,광진구
2019,영업/정상,,서울특별시 광진구 자양동 685번지,"서울특별시 광진구 자양로 38, 편안한요양병원 (자양동)",편안한요양병원,요양병원,광진구
2012,영업/정상,,서울특별시 광진구 자양동 24번지 9호,"서울특별시 광진구 동일로 92-1, B1~2, 3~7층 (자양동)",서울프라임병원,병원,광진구
2017,영업/정상,,서울특별시 광진구 화양동 24번지 17호,서울특별시 광진구 동일로 154 (화양동),동부참사랑요양병원,요양병원,광진구
1982,영업/정상,,"서울특별시 광진구 화양동 4번지 12호 , 4번지19호",서울특별시 광진구 능동로 120-1 (화양동),건국대학교병원,종합병원,광진구
2001,폐업,,서울특별시 영등포구 영등포동8가   12-1,,서울성모병원,병원,영등포구
2004,영업/정상,,서울특별시 광진구 능동 276-2,서울특별시 광진구 천호대로 556 (능동),광진예치과병원,치과병원,광진구
1972,영업/정상,,서울특별시 성동구 사근동 110번지,서울특별시 성동구 왕십리로 222-1 (사근동),한양대학교병원,종합병원,성동구
1962,영업/정상,,서울특별시 광진구 중곡동 30번지 1호,"서울특별시 광진구 용마산로 127 (중곡동, 국립정신건강센터)",국립정신건강센터,병원,광진구
2016,영업/정상,,서울특별시 노원구 공릉동 617번지 4호,서울특별시 노원구 동일로 996 (공릉동),강북연세병원,병원,노원구
2005,영업/정상,,서울특별시 도봉구 창동 749번지 10호,"서울특별시 도봉구 도봉로 628 (창동, 바로선병원)",바로선병원,병원,도봉구
2007,영업/정상,,서울특별시 광진구 자양동 25-2,서울특별시 광진구 동일로 82-1 (자양동),리안요양병원,요양병원,광진구
2007,영업/정상,,서울특별시 광진구 구의2동 80번지 25호,서울특별시 광진구 자양로 215 (구의동),제니스병원,병원,광진구
2008,영업/정상,,"서울특별시 광진구 화양동 6번지 1호 3, 4층","서울특별시 광진구 능동로 103, 3.4층 (화양동)",에스(S)리더치과병원,치과병원,광진구
2011,영업/정상,,"서울특별시 광진구 군자동 27번지 2호 지하1,2,3,4,5,6층",서울특별시 광진구 능동로 261 (군자동),바른본병원,병원,광진구
2002,폐업,2009.0,서울특별시 광진구 구의1동 234-14,,구의한방병원,한방병원,광진구
2005,폐업,2009.0,서울특별시 동대문구 왕산로 318(전농2동 620-56),,성바오로한방병원,한방병원,동대문구
2005,폐업,,"서울특별시 동대문구 전농로 37(답십리1동 266-3 2층 3층, 267-8 1-3층)",,의료법인영일의료재단실로암요양병원,요양병원,동대문구
2007,폐업,2012.0,서울특별시 동대문구 약령시길 158(청량리2동 235-2),,한림대학교임상치의학대학원치과병원,치과병원,동대문구
2007,폐업,2010.0,"서울특별시 동대문구 전농로 37, 39(답십리동 267-8 1,2,3층, 266-3 2,3,4층)",,의료법인 영일의료재단 실로암요양병원,요양병원,동대문구
2007,폐업,2014.0,"서울특별시 동대문구 벚꽃6길 40(장안동 311-5)지하1층, 지상1~6층",서울특별시 동대문구 장한로32길 7 (장안동),브레인병원,병원,동대문구
2008,폐업,,"서울특별시 동대문구 고산자로 179(용두동 45-1) 지상2,3,4,5층",,효림병원,병원,동대문구
2011,폐업,2018.0,서울특별시 동대문구 답십리동 268번지 3호,서울특별시 동대문구 전농로 45 (답십리동),서울편안한요양병원,요양병원,동대문구
1966,폐업,2018.0,서울특별시 동대문구 제기로 144-1(청량리1동 46),서울특별시 동대문구 제기로 142 (청량리동),청량리정신병원,병원,동대문구
1981,폐업,2011.0,서울특별시 동대문구 망우로 50-1(전농2동 602-29),,청량성모병원,병원,동대문구
2002,영업/정상,,서울특별시 동대문구 용두동 45번지 1호,서울특별시 동대문구 고산자로 421 (용두동),서울명병원,병원,동대문구
2016,영업/정상,,서울특별시 강동구 천호동 51번지 3호 명품빌딩,"서울특별시 강동구 양재대로 1525, 명품빌딩 (천호동)",올바른서울병원,병원,강동구
2003,영업/정상,,서울특별시 동대문구 장한로 143(장안4동 306-4),서울특별시 동대문구 장한로 143 (장안동),코리아병원,병원,동대문구
2014,영업/정상,,,서울특별시 동대문구 장한로32길 7 (장안동),브레인요양병원,요양병원,동대문구
2015,영업/정상,,서울특별시 동대문구 답십리동 12번지 262호,서울특별시 동대문구 한천로 49 (답십리동),멘토스병원,병원,동대문구
1971,영업/정상,,서울특별시 동대문구 경희대길 45(회기동 산1번지),서울특별시 동대문구 경희대로 23 (회기동),경희대학교한방병원,한방병원,동대문구
1971,영업/정상,,서울특별시 동대문구 회기동 1번지 5호,"서울특별시 동대문구 경희대로 23 (회기동, 경희의료원)",경희대학교치과병원,치과병원,동대문구
2016,영업/정상,,"서울특별시 동대문구 장안동 313번지 3호 지하1층,지상1~11층","서울특별시 동대문구 장한로 200 (장안동, KS빌딩)",대한민국요양병원,요양병원,동대문구
2017,영업/정상,,서울특별시 동대문구 장안동 464번지 3호,서울특별시 동대문구 천호대로 421 (장안동),지혜병원,병원,동대문구
2019,영업/정상,,서울특별시 동대문구 답십리동 94번지 9호 목련빌딩 3층,"서울특별시 동대문구 전농로 102, 3층 (답십리동)",엘치과병원,치과병원,동대문구
2000,영업/정상,,"서울특별시 동대문구 하정로 22(신설동 103-10,11)",서울특별시 동대문구 천호대로 20 (신설동),의료법인마리아의료재단마리아병원,병원,동대문구
2019,영업/정상,,서울특별시 동대문구 제기동 892번지 64호,"서울특별시 동대문구 정릉천동로 102, 지하1층~지상4층 (제기동)",행복닥터스요양병원,요양병원,동대문구
1993,영업/정상,,"서울특별시 도봉구  705번지 4호 ,6호,2호,7호",서울특별시 도봉구 도봉로 720 (방학동),도봉병원,병원,도봉구
1966,영업/정상,,"서울특별시 동대문구 휘경2동 29번지 1호 , 산 6번지 2호외 7필지",서울특별시 동대문구 망우로 82 (휘경동),삼육서울병원,종합병원,동대문구
2020,영업/정상,,서울특별시 강북구 미아동 62-38 서울유병원BK빌딩,"서울특별시 강북구 도봉로 77, 지하2층~지하1층, 3층~8층층 (미아동)",서울유병원,병원,강북구
2013,영업/정상,,서울특별시 노원구 중계동 160번지 3호 기업은행,"서울특별시 노원구 덕릉로 690, 기업은행 2,3,4,5층 (중계동)",노원솔요양병원,요양병원,노원구
2013,영업/정상,,"서울특별시 노원구 상계동 292번지 1호 와우쇼핑몰 7층,8층","서울특별시 노원구 노해로 507, 7,8층 (상계동, 와우쇼핑몰)",재단법인자생의료재단노원자생한방병원,한방병원,노원구
1982,폐업,2020.0,서울특별시 동대문구 왕산로 156(신설동 98-28),서울특별시 동대문구 왕산로 18 (신설동),동서울병원,병원,동대문구
1971,영업/정상,,서울특별시 동대문구 회기동 1-5,서울특별시 동대문구 경희대로 23 (회기동),경희대학교병원,종합병원,동대문구
2012,영업/정상,,서울특별시 동대문구 답십리동 492번지 2호 하늘병원,"서울특별시 동대문구 천호대로 317, 하늘병원 (답십리동)",하늘병원,병원,동대문구
2002,영업/정상,,"서울특별시 동대문구 용두동 118번지 20호 ,21호",서울특별시 동대문구 무학로 124 (용두동),서울특별시 동부병원,종합병원,동대문구
2003,영업/정상,,서울특별시 동대문구 하정로 4(신설동 117-21),서울특별시 동대문구 천호대로 2 (신설동),시카고치과병원,치과병원,동대문구
2007,영업/정상,,"서울특별시 동대문구 전농동 1번지 64호 지하1,지상1,3~6층","서울특별시 동대문구 한천로 207, 지하1,지상1,3~6층 (전농동)",신우요양병원,요양병원,동대문구
2005,폐업,2020.0,서울특별시 동대문구 청량리동 689번지 지하2층~지상10층,"서울특별시 동대문구 약령시로 124 (청량리동, 지하2~지상10층)",경동요양병원,요양병원,동대문구
2011,영업/정상,,"서울특별시 동대문구 장안2동 294번지 11호 ,369-3(6~9층)",서울특별시 동대문구 답십리로 261 (장안동),참튼튼병원,병원,동대문구
2011,영업/정상,,서울특별시 동대문구 용두동 740번지 1호,서울특별시 동대문구 무학로 193-1 (용두동),날개병원,병원,동대문구
2001,폐업,,서울특별시 영등포구 신길동   103-21,,서울대윤병원,병원,영등포구
2011,영업/정상,,서울특별시 동대문구 장안동 370번지 1호 외 1필지 (본관 및 신관),"서울특별시 동대문구 답십리로 266, 파워스빌딩 (장안동)",린여성병원,병원,동대문구
2005,영업/정상,,,서울특별시 중랑구 공릉로 76 (묵동),의료법인한국의료재단프라임병원,병원,중랑구
2009,영업/정상,,"서울특별시 동대문구 장안동 413번지 1호 ,413-8호",서울특별시 동대문구 한천로 4 (장안동),영동병원,병원,동대문구
2011,영업/정상,,서울특별시 동대문구 제기동 1046번지 4호,서울특별시 동대문구 왕산로 137 (제기동),서울나은병원,병원,동대문구
1992,영업/정상,,서울특별시 동대문구 휘경2동 20번지 산6-7,서울특별시 동대문구 망우로 82 (휘경동),삼육치과병원,치과병원,동대문구
2007,폐업,2008.0,"서울특별시 중랑구 상봉2동 101 이지펠리스빌딩 504~505호, 601~605호, 701~705호",,한걸음병원,병원,중랑구
2013,영업/정상,,서울특별시 구로구 구로동 586번지 5호 삼전솔하임,"서울특별시 구로구 새말로 15, 2~9층 (구로동, 삼전솔하임)",의료법인 우리아이들 의료재단 우리아이들병원,병원,구로구
2010,폐업,2017.0,,서울특별시 중랑구 동일로 649 (면목동),해솔요양병원,요양병원,중랑구
2011,폐업,2013.0,서울특별시 중랑구 신내1동 418번지 6호,서울특별시 중랑구 용마산로 622 (신내동),서울신내요양병원,요양병원,중랑구
2013,폐업,2017.0,서울특별시 중랑구 면목동 161번지 2호,서울특별시 중랑구 동일로 606 (면목동),기운찬병원,병원,중랑구
1985,폐업,2001.0,서울특별시 중랑구 면목동 568번지 1호 원진재단부설녹색병원,서울특별시 중랑구 사가정로49길 53 (면목동),의료법인 서울기독병원,종합병원,중랑구
2003,폐업,2010.0,서울특별시 중랑구 면목3.8동 568-1,,원진재단부설녹색한방병원,한방병원,중랑구
2006,폐업,2014.0,서울특별시 중랑구 상봉2동 475번지 11호 외 3필지,서울특별시 중랑구 망우로 166-17 (상봉동),서울J요양병원,요양병원,중랑구
2007,폐업,2010.0,서울특별시 중랑구 신내1동 418-6,,자연애요양병원,요양병원,중랑구
2001,폐업,,서울특별시 영등포구 신길동   103-21,,서울대윤병원,병원,영등포구
2012,영업/정상,,"서울특별시 노원구 상계동 723번지 2층, 3층, 5층","서울특별시 노원구 노해로 502, 2층, 3층, 5층 (상계동)",참튼튼병원,병원,노원구
2011,영업/정상,,서울특별시 양천구 신정3동 1320번지 7호,서울특별시 양천구 신정이펜1로 20 (신정동),서울특별시서남병원,종합병원,양천구
1985,영업/정상,,서울특별시 광진구 자양동 627번지 3호,서울특별시 광진구 자양로 85 (자양동),혜민병원,종합병원,광진구
2002,영업/정상,,서울특별시 중랑구 망우본동 488-8,서울특별시 중랑구 망우로 411 (망우동),장스여성병원,병원,중랑구
2017,영업/정상,,서울특별시 강서구 마곡동 795-7 열린프라자,"서울특별시 강서구 마곡중앙6로 93, 열린프라자 6,7,10층 602,603,604,605호 (마곡동)",면력한방병원,한방병원,강서구
2010,영업/정상,,서울특별시 중랑구 신내동 666번지 신아타운,"서울특별시 중랑구 봉화산로 194, 신아타운 4,5층 (신내동)",로하스동서울요양병원,요양병원,중랑구
1983,영업/정상,,,"서울특별시 중랑구 망우로 511 (망우동, 동부제일병원)",의료법인풍산의료재단동부제일병원,종합병원,중랑구
2017,영업/정상,,서울특별시 강서구 등촌동 700번지 3층.4층,"서울특별시 강서구 공항대로41길 34, 3.4층 (등촌동, 플러스존)",경희생생한방병원,한방병원,강서구
2015,영업/정상,,서울특별시 강서구 화곡동 938번지 19호 백제빌딩,"서울특별시 강서구 곰달래로 54, 백제빌딩 1~7층 (화곡동)",강서수한방병원,한방병원,강서구
2007,영업/정상,,,"서울특별시 중랑구 망우로 373 (상봉동, 서울선병원)",서울선병원,병원,중랑구
2007,영업/정상,,서울특별시 중랑구 망우동 207번지 1호,"서울특별시 중랑구 망우로 474 (망우동, 조앤조병원)",조앤조병원,병원,중랑구
2018,영업/정상,,서울특별시 강남구 논현동 94번지 22호 카로시티Ⅲ,"서울특별시 강남구 선릉로 751, 카로시티Ⅲ (논현동)",씨티칼리지요양병원,요양병원,강남구
2009,폐업,2014.0,"서울특별시 중랑구 망우본동 489번지 1호 5,6,7층","서울특별시 중랑구 망우로 403, 5,6,7층 (망우동)",행복한병원,요양병원,중랑구
1993,폐업,2011.0,서울특별시 성북구 하월곡동 88번지 747호 동서병원,"서울특별시 성북구 동소문로 306, 동서병원 (하월곡동)",동서병원,병원,성북구
2010,영업/정상,,서울특별시 도봉구 쌍문2동 707번지 7호,서울특별시 도봉구 도봉로 639 (쌍문동),정병원,병원,도봉구
2002,폐업,2019.0,서울특별시 성북구 장위동 33번지 7호,서울특별시 성북구 한천로 641 (장위동),의료법인조광의료재단  주사랑병원,병원,성북구
2007,폐업,2008.0,"서울시 성북구 석관1동 168-23(지상1,3,4층)",,신라한방병원,한방병원,성북구
2007,폐업,2016.0,서울특별시 성북구 하월곡동 84번지 126호,서울특별시 성북구 오패산로3길 147 (하월곡동),서울연세요양병원,요양병원,성북구
2008,폐업,2013.0,서울특별시 성북구 석관동 23번지,,신라한방병원,한방병원,성북구
2011,폐업,2014.0,서울특별시 성북구 보문동4가 18번지,서울특별시 성북구 보문로 86 (보문동4가),심청요양병원,요양병원,성북구
2012,폐업,2015.0,서울특별시 성북구 정릉1동 16번지 512호,서울특별시 성북구 동소문로 215 (정릉동),연세요양병원,요양병원,성북구
2003,영업/정상,,,서울특별시 성북구 종암로 72 (종암동),로덴치과병원,치과병원,성북구
2001,폐업,,서울특별시 영등포구 당산동3가   386-3,,영등포병원,병원,영등포구
2008,영업/정상,,,서울특별시 중랑구 망우로 476 (망우동),라본병원,병원,중랑구
2015,영업/정상,,서울특별시 노원구 상계동 366번지 4호,"서울특별시 노원구 노원로 461, 2층 (상계동)",노원 바로유 한방병원,한방병원,노원구
2020,영업/정상,,서울특별시 송파구 문정동 640-8 KDG70,"서울특별시 송파구 정의로8길 4, KDG70타워 2,3,4층 (문정동)",새숨병원,병원,송파구
2006,영업/정상,,,서울특별시 성북구 보문로 46 (보문동7가),보문효사랑요양병원,요양병원,성북구
2011,영업/정상,,,서울특별시 성북구 동소문로 306 (하월곡동),동서요양병원,요양병원,성북구
2014,영업/정상,,서울특별시 성북구 보문동4가 18번지,서울특별시 성북구 보문로 86 (보문동4가),성북웰니스요양병원,요양병원,성북구
2017,영업/정상,,서울특별시 성북구 동선동4가 53번지,서울특별시 성북구 아리랑로 16 (동선동4가),더서울병원,병원,성북구
1985,영업/정상,,서울특별시 성북구 하월곡동 88번지 526호,서울특별시 성북구 종암로 191 (하월곡동),사회복지법인 성가소비녀회 성가복지병원,병원,성북구
1981,폐업,2014.0,서울특별시 강북구 미아동 62번지 28호,서울특별시 강북구 도봉로 67 (미아동),새한병원,병원,강북구
2001,폐업,,서울특별시 영등포구 당산동3가   386-3,,영등포병원,병원,영등포구
2015,영업/정상,,서울특별시 성북구 정릉동 16번지 486호 외2필지,서울특별시 성북구 동소문로 215 (정릉동),새마음요양병원,요양병원,성북구
1988,영업/정상,,,서울특별시 성북구 종암로 72 (종암동),의료법인서광의료재단 성북중앙병원,병원,성북구
1974,영업/정상,,서울특별시 영등포구 대림동 978번지 13호,"서울특별시 영등포구 시흥대로 657 (대림동, 대림성모병원)",대림성모병원,종합병원,영등포구
2001,폐업,2010.0,서울특별시 강북구 송중동 71번지 1호,서울특별시 강북구 도봉로 52 (미아동),밀레니엄치과병원,치과병원,강북구
2005,영업/정상,,서울시 성북구 장위3동 50-50,서울특별시 성북구 화랑로 271 (장위동),의료법인유라의료재단 온누리요양병원,요양병원,성북구
2018,영업/정상,,,서울특별시 성북구 동소문로46길 10 (하월곡동),성북우리아이들병원,병원,성북구
2004,영업/정상,,서울특별시 동작구 흑석동 224번지 1호,서울특별시 동작구 흑석로 102 (흑석동),중앙대학교병원,종합병원,동작구
2000,영업/정상,,서울특별시 구로구 고척동 76번지 189호 구로성심병원,"서울특별시 구로구 경인로 427, 구로성심병원 (고척동)",구로성심병원,종합병원,구로구
2018,영업/정상,,서울특별시 성북구 종암동 25번지 6호,서울특별시 성북구 종암로 31 (종암동),성북서울요양병원,요양병원,성북구
2001,폐업,2013.0,서울특별시 성북구 동선동1가 114-1 플라망스타워,"서울특별시 성북구 동소문로 118, 플라망스타워 1501,1502호 (동선동1가)",예스치과병원,치과병원,성북구
2020,영업/정상,,서울특별시 노원구 상계동 366-4 대감프라자빌딩,"서울특별시 노원구 노원로 461, 대감프라자빌딩 3,6층 (상계동)",그레이스힐 요양병원,요양병원,노원구
2007,폐업,2009.0,서울특별시 강북구 수유동 521번지 57호,서울특별시 강북구 삼각산로 20 (수유동),감인노인전문병원,요양병원,강북구
2011,폐업,2015.0,서울특별시 강북구 번1동 461번지 68호,서울특별시 강북구 한천로 1002 (번동),새한빛병원,병원,강북구
1998,폐업,2014.0,서울특별시 강북구 송중동 137번지 26호,서울특별시 강북구 도봉로 114 (미아동),서울병원,병원,강북구
2007,취소/말소/만료/정지/중지,2018.0,서울특별시 강북구 번동 464번지 1호,"서울특별시 강북구 도봉로 388 (번동, 테마빌딩)",정인노인전문병원,요양병원,강북구
2019,영업/정상,,서울특별시 강북구 번동 105번지 1호,서울특별시 강북구 월계로 183 (번동),꿈의숲요양병원,요양병원,강북구
2008,영업/정상,,서울특별시 강북구 미아동 317번지 3호 서울민병원,"서울특별시 강북구 도봉로 155, 서울민병원 (미아동)",민병원,병원,강북구
2009,영업/정상,,"서울특별시 강북구 인수동 521-57, 59호",서울특별시 강북구 삼각산로 20 (수유동),현인요양병원,요양병원,강북구
2007,영업/정상,,서울특별시 강북구 미아동 734번지 108호,"서울특별시 강북구 삼양로 204 (미아동, 효성요양병원)",효성요양병원,요양병원,강북구
2007,영업/정상,,서울특별시 강북구 미아동 189번지 6호 포근한노인전문병원,서울특별시 강북구 도봉로 266 (미아동),포근한요양병원,요양병원,강북구
2009,영업/정상,,,서울특별시 도봉구 도봉로 446 (창동),의료법인 상원의료재단 강북힘찬병원,병원,도봉구
2012,영업/정상,,서울특별시 강북구 수유동 188번지 1호 광산타워,"서울특별시 강북구 한천로 1083, 수유동 (수유동, 광산타워)",강북우리들병원,병원,강북구
2014,영업/정상,,서울특별시 강북구 미아동 137번지 26호,서울특별시 강북구 도봉로 114 (미아동),서울좋은병원,병원,강북구
2018,영업/정상,,서울특별시 강북구 미아동 317번지 1호 서울컨벤션웨딩홀,"서울특별시 강북구 도봉로 161, 서울컨벤션웨딩홀 (미아동)",강북휴요양병원,요양병원,강북구
2016,영업/정상,,서울특별시 강북구 번동 461-68 북서울요양병원,"서울특별시 강북구 한천로 1002, 북서울요양병원 (번동)",북서울요양병원,요양병원,강북구
1994,영업/정상,,,"서울특별시 강북구 삼각산로 58 (수유동, 국립재활원)",국립재활원,병원,강북구
1995,영업/정상,,서울특별시 강북구 번동 418번지 1호,"서울특별시 강북구 도봉로 358 (번동, 코스타타워)",경희치과병원,치과병원,강북구
1982,영업/정상,,서울특별시 강북구 수유동 45번지 7호,"서울특별시 강북구 도봉로 301 (수유동, 대한병원)",의료법인성화의료재단  대한병원,종합병원,강북구
1982,영업/정상,,"서울특별시 강북구 수유동 47번지 7호 (47-7,8,9)",서울특별시 강북구 덕릉로 73 (수유동),신일병원,병원,강북구
2001,폐업,2012.0,서울특별시 강북구 인수동 45번지 7호,서울특별시 강북구 도봉로 301 (수유동),의료법인성화의료재단대한한방병원,한방병원,강북구
2012,폐업,2014.0,서울특별시 도봉구 방학동 719번지 3호 렉시온프라자 305-308호,"서울특별시 도봉구 도봉로152길 26 (방학동, 렉시온프라자 305-308호)",슈바이처치과병원,치과병원,도봉구
2013,영업/정상,,,"서울특별시 도봉구 도봉로 639, 5,6층 (쌍문동)",정요양병원,요양병원,도봉구
2008,폐업,2009.0,서울특별시 도봉구 쌍문2동 80-70,,굿모닝병원,병원,도봉구
2010,폐업,2015.0,서울특별시 도봉구 쌍문1동 508번지 1호,서울특별시 도봉구 삼양로 610 (쌍문동),우이새길요양병원,요양병원,도봉구
2011,폐업,2019.0,서울특별시 도봉구 방학동 677번지 11호,"서울특별시 도봉구 방학로3길 13 (방학동, 상곡빌딩)",(사)한국지체장애인협회 새보람요양병원,요양병원,도봉구
2010,영업/정상,,서울특별시 강북구 번동 463번지 44호,"서울특별시 강북구 도봉로 374 (번동, 서울현대병원)",서울현대병원,병원,강북구
1991,영업/정상,,서울특별시 동작구 신대방동 425번지,서울특별시 동작구 보라매로5길 20 (신대방동),서울특별시보라매병원,종합병원,동작구
2015,영업/정상,,서울특별시 도봉구 쌍문동 508번지 1호,"서울특별시 도봉구 삼양로 610, 지하1층층 지상1,2,3,4호 (쌍문동, 산수디앤씨)",베이직병원,병원,도봉구
2004,영업/정상,,서울특별시 도봉구 방학3동 442,서울특별시 도봉구 시루봉로 137 (방학동),경희늘푸른노인전문병원,요양병원,도봉구
2005,영업/정상,,서울특별시 도봉구 쌍문동 657번지 예일빌딩5층,"서울특별시 도봉구 도봉로 569, 5층 (쌍문동, 준우빌딩)",로덴성문치과병원,치과병원,도봉구
2020,영업/정상,,"서울특별시 마포구 서교동 353번지 7호 디키즈코리아, B1~6층","서울특별시 마포구 양화로 119, 디키즈코리아 B1~6층 (서교동)",메디람한방병원,한방병원,마포구
2017,폐업,2020.0,,서울특별시 성동구 왕십리로 382 (하왕십리동),서울동인병원,병원,성동구
2010,영업/정상,,서울특별시 서초구 반포4동 44번지 3호,서울특별시 서초구 서초중앙로 197 (반포동),강남요양병원,요양병원,서초구
2007,영업/정상,,서울특별시 도봉구 쌍문동 509번지 1호 백운빌딩,"서울특별시 도봉구 삼양로 616, 2-5층 (쌍문동)",퍼스트요양병원,요양병원,도봉구
2007,폐업,2019.0,서울특별시 도봉구 쌍문1동 507-1,서울특별시 도봉구 삼양로 600 (쌍문동),조이요양병원,요양병원,도봉구
2008,취소/말소/만료/정지/중지,2014.0,"서울특별시 노원구 월계1동 50번지 1호 ,30호","서울특별시 노원구 화랑로 323 (월계동,,30호)",의선의료재단 선한이웃병원,병원,노원구
2012,영업/정상,,서울특별시 도봉구 방학동 703번지 14호,"서울특별시 도봉구 도봉로 683, 5,6,7층 (방학동)",성모샘병원,병원,도봉구
2008,영업/정상,,서울특별시 도봉구 창5동 715번지 28호,서울특별시 도봉구 해등로 129 (창동),다나병원,병원,도봉구
2010,폐업,2018.0,"서울특별시 노원구 하계동 256번지 12호 2,3,4,6층","서울특별시 노원구 노원로 246, 2,3,4,6층 (하계동, 욱현하이브)",서울휴먼요양병원,요양병원,노원구
2011,폐업,2019.0,"서울특별시 노원구 상계동 366번지 4호 대감프라자 3층, 4층","서울특별시 노원구 노원로 461, 3층, 4층 (상계동, 대감프라자)",노원스마트요양병원,요양병원,노원구
2002,폐업,2003.0,서울특별시 노원구 상계7동727-1 8층,,강북예치과병원,치과병원,노원구
2005,폐업,2018.0,서울특별시 노원구 상계동 301번지 6호 모네여성병원,"서울특별시 노원구 노원로 416, 모네여성병원 (상계동)",모네여성병원,병원,노원구
2005,폐업,2008.0,"서울특별시 노원구 공릉3동323-2 공삼빌딩 2,3,4층",,연세방요양병원,요양병원,노원구
2006,폐업,2011.0,서울특별시 노원구 상계6동764-1  하라프라자 5층,,신애요양병원,요양병원,노원구
1995,폐업,2008.0,"서울특별시 노원구 월계1동50-1,30호",,선한이웃병원,병원,노원구
1997,폐업,2001.0,서울특별시 노원구 공릉1동680-9,,태능성심한방병원,한방병원,노원구
1998,폐업,2001.0,서울특별시 노원구 상계1동산51번지,,시립노인요양원부속의원,요양병원,노원구
2019,영업/정상,,서울특별시 노원구 상계동 724번지 근호빌딩,"서울특별시 노원구 노해로 488, 근호빌딩 5층 502호 (상계동)",샤인치과교정과 치과병원,치과병원,노원구
2019,영업/정상,,서울특별시 노원구 상계동 301번지 6호 파로스병원,"서울특별시 노원구 노원로 416, 파로스병원 (상계동)",파로스병원,병원,노원구
2006,영업/정상,,서울특별시 서초구 서초동 1426-1,"서울특별시 서초구 서초중앙로 4, 기쁨병원 (서초동)",기쁨병원,병원,서초구
2003,영업/정상,,,"서울특별시 양천구 공항대로 610 (목동, 정종일산부인과)",포미즈여성병원,병원,양천구
2012,영업/정상,,서울특별시 종로구 평창동 158번지 1호 글로리아타운,"서울특별시 종로구 평창문화로 75, 글로리아타운 2,3,5층 (평창동)",로이병원,병원,종로구
2006,영업/정상,,,"서울특별시 영등포구 영중로 122 (영등포동8가, 일이빌딩)",마리아성모요양병원,요양병원,영등포구
2017,폐업,2020.0,서울특별시 노원구 공릉동 323번지 2호,"서울특별시 노원구 동일로197길 11 (공릉동, 공삼빌딩)",서울스페셜병원,병원,노원구
2006,영업/정상,,서울특별시 영등포구 양평동5가 121번지 1호,서울특별시 영등포구 양평로22사길 9 (양평동5가),서울은빛요양병원,요양병원,영등포구
2004,영업/정상,,서울특별시 강북구 미아동 67번지 1호,서울특별시 강북구 도봉로 74 (미아동),햇빛병원,병원,강북구
2014,영업/정상,,,"서울특별시 송파구 올림픽로 319, 2층 (신천동, 서울시교통회관건물)",케이치과병원,치과병원,송파구
2008,영업/정상,,,"서울특별시 도봉구 도봉로152길 26, 2,3,4층 (방학동, 렉시온프라자)",의성한방병원,한방병원,도봉구
2020,영업/정상,,"서울특별시 강북구 미아동 304번지 3호 지하1층, 2층~5층","서울특별시 강북구 도봉로 187, 지하1층, 2층~5층 (미아동)",강북으뜸병원,병원,강북구
2008,폐업,2017.0,서울특별시 노원구 상계동 1115번지 2호 모아빌딩 2층,"서울특별시 노원구 동일로 1678, 2층 (상계동, 모아빌딩)",새서울병원,병원,노원구
2014,취소/말소/만료/정지/중지,2014.0,"서울특별시 은평구 불광동 483번지 11호 2,3층","서울특별시 은평구 통일로 906, 2,3층 (불광동)",수사랑한방병원,한방병원,은평구
2008,폐업,2018.0,서울특별시 은평구 응암동 427번지 38호,"서울특별시 은평구 응암로 264 (응암동, 서울빌딩)",서울요양병원,요양병원,은평구
2001,폐업,2005.0,"서울특별시 은평구 녹번동 39번지 2호 지층,4층","서울특별시 은평구 통일로 620 (녹번동,지층,4층)",한양치과병원,치과병원,은평구
2010,폐업,2017.0,"서울특별시 은평구 녹번동 19번지 121호 지1, 1, 2층","서울특별시 은평구 통일로 636, 지1, 1, 2층 (녹번동)",참튼튼병원,병원,은평구
2013,폐업,2014.0,서울특별시 은평구 불광동 483번지 11호,서울특별시 은평구 통일로 906 (불광동),수복지한방병원,한방병원,은평구
2016,폐업,2016.0,"서울특별시 은평구 불광동 483번지 11호 2,3층","서울특별시 은평구 통일로 906, 2,3층 (불광동, 해피플러스1)",수사랑한방병원,한방병원,은평구
2016,폐업,2018.0,서울특별시 은평구 불광동 483번지 11호,"서울특별시 은평구 통일로 906, 2,3층 (불광동, 해피플러스1)",수사랑한방병원,한방병원,은평구
2001,폐업,2013.0,서울특별시 은평구 갈현동 469번지 4호 5층,"서울특별시 은평구 서오릉로 166 (갈현동, 5층)",성가치과병원,치과병원,은평구
2020,영업/정상,,서울특별시 은평구 불광동 221번지 57호,서울특별시 은평구 불광로13길 15 (불광동),이우요양병원,요양병원,은평구
2011,영업/정상,,서울특별시 강서구 등촌동 657번지 부민병원,"서울특별시 강서구 공항대로 389, 부민병원 (등촌동)",부민병원,종합병원,강서구
2006,영업/정상,,서울특별시 양천구 목동 404번지 3호,"서울특별시 양천구 신목로 120 (목동, 힘찬병원)",목동힘찬병원,병원,양천구
2008,영업/정상,,,서울특별시 도봉구 도봉로 604 (창동),에이치큐브병원,병원,도봉구
2007,영업/정상,,"서울특별시 노원구 공릉1.3동 680번지 9호 지하1층,1층,3층,4층,6층, 8층",서울특별시 노원구 동일로 987 (공릉동),태릉마이크로병원,병원,노원구
2002,폐업,2017.0,서울특별시 은평구 역촌동 62번지 1호,서울특별시 은평구 연서로 73 (역촌동),참조은치과병원,치과병원,은평구
2002,폐업,2017.0,서울특별시 은평구 역촌동 44번지 28호,"서울특별시 은평구 연서로 10 (역촌동, 참사랑병원)",참사랑병원,병원,은평구
1983,폐업,2017.0,서울특별시 은평구 응암동 42번지 5호,서울특별시 은평구 백련산로14길 20-11 (응암동),재)마리아수녀회 도티기념병원,병원,은평구
2005,영업/정상,,서울특별시 노원구 공릉동 680번지 10호,"서울특별시 노원구 동일로 989, 2~9층 (공릉동)",방병원,병원,노원구
1961,영업/정상,,서울특별시 은평구 진관동 55번지,서울특별시 은평구 통일로 1021 (진관동),가톨릭대학교 은평성모병원,종합병원,은평구
2009,영업/정상,,"서울특별시 은평구 응암동 104번지 7호 지하1층, 1~7층","서울특별시 은평구 응암로 304, 지1, 1~7층 (응암동)",노블요양병원,요양병원,은평구
2011,영업/정상,,서울특별시 은평구 녹번동 153번지 21호 최원호병원,"서울특별시 은평구 서오릉로 45, 최원호병원 (녹번동)",최원호병원,병원,은평구
2011,영업/정상,,서울특별시 은평구 녹번동 27번지 6호,서울특별시 은평구 통일로 669 (녹번동),연세에덴요양병원,요양병원,은평구
2012,영업/정상,,서울특별시 은평구 갈현동 460번지 8호 보성빌,"서울특별시 은평구 연서로 209, 보성빌 2,3일부,4~6층 (갈현동)",로하스은평효요양병원,요양병원,은평구
2016,영업/정상,,"서울특별시 은평구 신사동 8번지 5호 2층 201,202호","서울특별시 은평구 갈현로 24, 2층 201,202호 (신사동)",21C메트로한방병원,한방병원,은평구
2017,영업/정상,,서울특별시 은평구 역촌동 44번지 28호,"서울특별시 은평구 연서로 10, 지하2~지상9층 (역촌동)",리드힐병원,병원,은평구
1997,영업/정상,,서울특별시 은평구 응암동 603번지 60호,서울특별시 은평구 응암로 164 (응암동),인정병원,병원,은평구
2006,영업/정상,,서울특별시 도봉구 방학동 669번지 1호,서울특별시 도봉구 방학로 177 (방학동),스카이요양병원,요양병원,도봉구
1998,영업/정상,,서울특별시 은평구 구산동 191번지 1호,서울특별시 은평구 갈현로11길 30 (구산동),서울재활병원,병원,은평구
2002,영업/정상,,서울특별시 은평구 대조동 15번지 123호,서울특별시 은평구 진흥로 191 (대조동),서울병원,병원,은평구
2002,영업/정상,,,서울특별시 은평구 은평로 133 (응암동),본서부병원,병원,은평구
2004,영업/정상,,서울특별시 은평구 녹번동 154번지 19호,서울특별시 은평구 서오릉로 37 (녹번동),연세노블병원,병원,은평구
2014,영업/정상,,"서울특별시 은평구 응암동 96번지 1호 상현빌딩 6,7,8층","서울특별시 은평구 은평로 170, 6층,7층,8층 (응암동, 상현빌딩동)",한국효요양병원,요양병원,은평구
2006,영업/정상,,서울특별시 은평구 대조동 187번지 51호,서울특별시 은평구 통일로 809-1 (대조동),문치과병원,치과병원,은평구
2007,영업/정상,,서울특별시 양천구 신정동 942번지 12호,"서울특별시 양천구 오목로 121 (신정동, 양천효요양병원)",양천효요양병원,요양병원,양천구
2016,영업/정상,,서울특별시 은평구 불광동 281번지 102호 불광메디컬타워 1~12층,"서울특별시 은평구 통일로 726, 불광메디컬타워 1~12층 (불광동)",의료법인 성누가의료재단 성누가병원,병원,은평구
1980,영업/정상,,서울특별시 은평구 갈현동 395번지 1호,서울특별시 은평구 통일로 873 (갈현동),의료법인 청구성심병원,종합병원,은평구
2015,영업/정상,,서울특별시 강남구 역삼동 604-1,"서울특별시 강남구 논현로105길 48, 1,2층 (역삼동)",라이브치과병원,치과병원,강남구
2006,영업/정상,,서울특별시 은평구 갈현동 462번지 52호,서울특별시 은평구 연서로 177 (갈현동),은평연세병원,병원,은평구
2007,영업/정상,,서울특별시 은평구 구산동 2번지 36호 세웅그룹빌딩 3~9층,"서울특별시 은평구 서오릉로 149, 세웅그룹빌딩 3~9층 (구산동)",하나효요양병원,요양병원,은평구
2007,폐업,2013.0,서울특별시 은평구 불광3동 483번지 11호,,강북한방병원,한방병원,은평구
1991,휴업,,서울특별시 서대문구 북아현1동 126-22,서울특별시 서대문구 신촌로37길 10 (북아현동),의료법인 현창의료재단 서서울병원,병원,서대문구
1966,영업/정상,,서울특별시 은평구 응암2동 232번지 3호,서울특별시 은평구 백련산로 90 (응암동),서울특별시은평병원,병원,은평구
2004,영업/정상,,서울특별시 노원구 상계동 727번지 1호 조광빌딩 8층,"서울특별시 노원구 노해로 480, 8층 (상계동, 조광빌딩)",강북예치과병원,치과병원,노원구
2008,폐업,2011.0,서울특별시 서대문구 홍제1동 157번지 3호,서울특별시 서대문구 모래내로 460 (홍제동),늘푸른병원,병원,서대문구
2004,영업/정상,,,서울특별시 서대문구 성산로 365-14 (연희동),의료법인제민의료재단동서병원,병원,서대문구
1974,영업/정상,,,서울특별시 도봉구 우이천로 308 (쌍문동),의료법인한전의료재단 한일병원,종합병원,도봉구
2015,영업/정상,,서울특별시 서대문구 창천동 62번지 1호,"서울특별시 서대문구 연세로5길 26, 5,7,9층 (창천동)",잎사귀치과병원,치과병원,서대문구
2015,영업/정상,,서울특별시 서대문구 홍제동 251번지 4호,"서울특별시 서대문구 통일로 442 (홍제동, 제이여성병원)",제이여성병원,병원,서대문구
1900,폐업,,신수동345-2,,서울광흥병원,병원,
2016,영업/정상,,"서울특별시 마포구 상암동 1738번지 푸르메재단넥슨어린이재활병원, 지하1층~7층","서울특별시 마포구 월드컵북로 494, 지하1층~7층 (상암동, 푸르메재단넥슨어린이재활병원)",푸르메재단 넥슨어린이재활병원,요양병원,마포구
1900,폐업,,성산동56-3,,제일성모병원,병원,
1900,폐업,,노고산동107-36현대벤처빌2층,,신촌서울치과병원,병원,
1900,폐업,,성산동 151-6,,의료법인세영의료재단중앙한방병원,병원,151-6
1900,폐업,,동교동 172-13,,혜성병원,병원,172-13
2016,영업/정상,,서울특별시 서대문구 홍은동 437번지 1호,서울특별시 서대문구 통일로 544 (홍은동),효담요양병원,요양병원,서대문구
2015,영업/정상,,서울특별시 서대문구 남가좌동 102번지 3호,"서울특별시 서대문구 수색로 18, 2~5층 (남가좌동, 영보웨딩부페)",가자연세병원,병원,서대문구
1984,영업/정상,,,서울특별시 서대문구 성산로 365-14 (연희동),의료법인제민의료재단동서한방병원,한방병원,서대문구
1991,영업/정상,,서울특별시 동대문구 청량리동 40번지 9호 서울성심병원 (40-9외 7필지),"서울특별시 동대문구 왕산로 259, 서울성심병원 (청량리동)",서울성심병원,종합병원,동대문구
2006,영업/정상,,서울특별시 서대문구 연희동 192번지 32호,서울특별시 서대문구 성산로 335 (연희동),강북연세요양병원,요양병원,서대문구
1974,영업/정상,,서울특별시 서대문구 신촌동 134번지,서울특별시 서대문구 연세로 50-1 (신촌동),학교법인연세대학교치과대학치과병원,치과병원,서대문구
2002,영업/정상,,,서울특별시 도봉구 도당로 51 (방학동),가화실버한방병원,한방병원,도봉구
2002,영업/정상,,서울특별시 노원구 공릉동 680번지 1호 태능성심종합병원,"서울특별시 노원구 동일로 987 (공릉동, 태릉성심종합병원)",태능성심요양병원,요양병원,노원구
1990,폐업,2011.0,마포구 도화1동 17-22호,,한마음병원,병원,도화1동
2001,폐업,2011.0,서울특별시 마포구 신수동 103번지 2호,서울특별시 마포구 창전로 74 (신수동),의료법인 언양의료재단 조은병원,병원,마포구
2006,폐업,2014.0,"서울특별시 마포구 창전동 13번지 3호 벽송빌딩 2, 4, 5층","서울특별시 마포구 서강로 82, 2,4,5층 (창전동, 벽송빌딩)",신촌리더스병원,병원,마포구
2017,영업/정상,,서울특별시 마포구 마포동 33번지 1호 대농빌딩,"서울특별시 마포구 마포대로 25, 대농빌딩 2,3,5층 (마포동)",연세한강병원,병원,마포구
2020,영업/정상,,서울특별시 강동구 명일동 335-3,"서울특별시 강동구 양재대로 1596, 3~6층 (명일동)",봄담한방병원,한방병원,강동구
2019,영업/정상,,서울특별시 마포구 성산동 275번지 3호 마포중앙도서관,"서울특별시 마포구 성산로 128, 지하1~지상5층 (성산동)",마포요양병원,요양병원,마포구
1994,영업/정상,,서울특별시 강서구 화곡동 1031번지 12호,서울특별시 강서구 강서로 194 (화곡동),유광사여성병원,병원,강서구
1995,영업/정상,,"서울특별시 마포구 합정동 363번지 6호 지1,1,2,4,5,7층","서울특별시 마포구 독막로 32, 지1,1,2,4,5,7층 (합정동)",혜당한방병원,한방병원,마포구
1999,영업/정상,,서울특별시 마포구 신수동 66번지 1호 지2층~6층,"서울특별시 마포구 서강로 110, 지2층~6층 (신수동)",신촌연세병원,병원,마포구
2012,영업/정상,,서울특별시 마포구 성산동 200번지 22호 SMC 지하1층~5층,"서울특별시 마포구 월드컵북로 165, 지하1층~5층 (성산동, SMC)",에스엠씨요양병원,요양병원,마포구
2013,영업/정상,,"서울특별시 마포구 동교동 166번지 1호 (3, 4층)","서울특별시 마포구 양화로 178, 3층 (동교동)",네모치과병원,치과병원,마포구
2013,영업/정상,,서울특별시 마포구 도화동 566번지 자람빌딩 3층,"서울특별시 마포구 마포대로 78, 자람빌딩 3층 (도화동)",한그루치과병원,치과병원,마포구
2011,영업/정상,,서울특별시 동대문구 장안동 431번지 6호,서울특별시 동대문구 천호대로83길 44 (장안동),맑은수병원,병원,동대문구
1900,폐업,,성산동94-4,,한양병원,병원,
2010,영업/정상,,서울특별시 동작구 사당1동 1008번지 17호 삼인빌딩,서울특별시 동작구 동작대로 67 (사당동),더본병원,병원,동작구
1985,폐업,2009.0,서울특별시 양천구 목4동 793-3,,연세허브병원,병원,양천구
2013,폐업,2014.0,서울특별시 양천구 목동 606번지 14호,서울특별시 양천구 등촌로 230 (목동),동서융합병원,병원,양천구
2013,폐업,2016.0,서울특별시 양천구 신월동 546번지 27호,서울특별시 양천구 신월로 151 (신월동),서울세정병원,병원,양천구
2008,폐업,2012.0,서울특별시 양천구 신월4동 546-27,서울특별시 양천구 신월로 151 (신월동),세정병원,병원,양천구
2008,폐업,2012.0,"서울특별시 양천구 신정동 1023번지 12호 에벤에셀빌딩 401호, 402호","서울특별시 양천구 은행정로 5, 401호, 402호 (신정동, 에벤에셀빌딩)",서울그린치과병원,치과병원,양천구
2010,폐업,2015.0,서울특별시 양천구 목동 962번지 목동트라팰리스 웨스턴에비뉴 6층,"서울특별시 양천구 오목로 299 (목동, 목동트라팰리스 6층)",목동아이엠치과병원,치과병원,양천구
2011,폐업,2020.0,"서울특별시 양천구 신월동 549번지 4호 2,3,4층","서울특별시 양천구 신월로 156, 2,3,4층 (신월동)",서울인화요양병원,요양병원,양천구
2012,폐업,2013.0,서울특별시 양천구 신월동 546번지 27호,서울특별시 양천구 신월로 151 (신월동),세정한방병원,한방병원,양천구
2007,영업/정상,,서울특별시 동대문구 장안동 309번지 1호 원우빌딩,"서울특별시 동대문구 장한로 152, 지하1~2층, 지상3 ~10층 (장안동)",햇살요양병원,요양병원,동대문구
2019,영업/정상,,서울특별시 양천구 신정동 1268번지 복합메디컬타운,"서울특별시 양천구 중앙로 181, 복합메디컬타운 4~8층 (신정동)",서울스마트요양병원,요양병원,양천구
2007,영업/정상,,서울특별시 동작구 신대방동 686번지 1호,서울특별시 동작구 시흥대로 634 (신대방동),의료법인에이치엠피의료재단녹십초요양병원,요양병원,동작구
2008,영업/정상,,서울특별시 동작구 상도동 255번지 4호,"서울특별시 동작구 성대로 43 (상도동, 우리빌딩)",서울요양병원,요양병원,동작구
2002,영업/정상,,서울특별시 동대문구 전농동 497번지 77호 천사병원,"서울특별시 동대문구 서울시립대로 57, 천사병원 B1,1,2,3,6층 (전농동)",다일천사병원,병원,동대문구
2020,영업/정상,,서울특별시 노원구 공릉동 323-2 공삼빌딩,"서울특별시 노원구 동일로197길 11, 공삼빌딩 2,3,4층 (공릉동)",서울미르한방병원,한방병원,노원구
2020,영업/정상,,서울특별시 마포구 신수동 81번지 101호 세솟는병원,"서울특별시 마포구 백범로 26, 세솟는병원 (신수동)",세솟는정형외과병원,병원,마포구
2014,폐업,2016.0,"서울특별시 양천구 목동 606번지 14호 지하1층, 2층~6층","서울특별시 양천구 등촌로 230 (목동, 지하1층, 2층~6층)",아이토마토한방병원,한방병원,양천구
2019,영업/정상,,서울특별시 은평구 갈현동 390-19,서울특별시 은평구 통일로 935 (갈현동),은평요양병원,요양병원,은평구
2018,영업/정상,,"서울특별시 양천구 신정동 943번지 19호 B02,B01, 지상2~5층",서울특별시 양천구 중앙로 300 (신정동),목동제일여성병원,병원,양천구
2014,영업/정상,,서울특별시 노원구 상계동 387번지 226호,서울특별시 노원구 상계로26길 7 (상계동),희망요양병원,요양병원,노원구
2010,영업/정상,,서울특별시 노원구 상계동 292번지 1호 와우쇼핑몰 5층,"서울특별시 노원구 노해로 507, 5층 (상계동, 와우쇼핑몰)",다인치과병원,치과병원,노원구
1995,영업/정상,,,"서울특별시 노원구 한글비석로 68, 을지병원 (하계동)",노원을지대학교병원,종합병원,노원구
1989,영업/정상,,서울특별시 노원구 상계동 761번지 1호 상계백병원,"서울특별시 노원구 동일로 1342, 상계백병원 (상계동)",인제대학교 상계백병원,종합병원,노원구
1988,영업/정상,,,서울특별시 성북구 안암로 99 (안암동5가),의료법인 우신향병원,병원,성북구
2007,취소/말소/만료/정지/중지,2014.0,서울특별시 강서구 화곡4동 786번지 6호,"서울특별시 강서구 국회대로 233, 지1~지상6층 (화곡동)",따스한봄날처럼요양병원,요양병원,강서구
2010,취소/말소/만료/정지/중지,2015.0,서울특별시 강서구 등촌3동 700번지,"서울특별시 강서구 공항대로41길 34, 8,9층 (등촌동)",새희망의료생활협동조합 어울림요양병원,요양병원,강서구
2012,폐업,2015.0,서울특별시 강서구 방화동 495번지 26호 지상1층~지상6층,"서울특별시 강서구 양천로 35, 1~6층 (방화동)",강서사랑요양병원,요양병원,강서구
2013,폐업,2014.0,서울특별시 강서구 화곡동 1074번지 12호 청산빌딩4.5.6층,"서울특별시 강서구 화곡로 154, 4,5,6층 (화곡동, 청산빌딩)",튼튼병원,병원,강서구
2014,폐업,2015.0,서울특별시 강서구 화곡동 1074번지 12호,"서울특별시 강서구 화곡로 154, 4층, 5층, 6층 (화곡동, 청산타워빌딩)",강서초이스병원,병원,강서구
2005,폐업,2010.0,서울특별시 강서구 화곡본동 24번지 92호,,성심효요양병원,요양병원,강서구
2006,폐업,2011.0,서울특별시 강서구 등촌1동 628번지 5호,서울특별시 강서구 화곡로 416 (등촌동),엘더스요양병원,요양병원,강서구
2006,폐업,2010.0,"서울특별시 강서구 방화동 486번지 6호 ,7,8,23,41","서울특별시 강서구 양천로1길 100 (방화동,,7,8,23,41)",동인당효요양병원,요양병원,강서구
2008,폐업,2018.0,"서울특별시 강서구 가양동 1479번지 10호 2, 4, 5, 8층","서울특별시 강서구 양천로57길 9-7, 2,4,5,8층 (가양동)",큰나무병원,병원,강서구
2011,폐업,2017.0,서울특별시 강서구 화곡동 24번지 92호,서울특별시 강서구 화곡로 238 (화곡동),비엠씨한방병원,한방병원,강서구
2011,폐업,2018.0,서울특별시 강서구 등촌1동 628번지 9호,서울특별시 강서구 화곡로 416 (등촌동),강서성모요양병원,요양병원,강서구
2000,폐업,2018.0,서울특별시 강서구 방화1동 487번지 5호,서울특별시 강서구 양천로 45-5 (방화동),뉴강서성심병원,병원,강서구
2001,폐업,2014.0,서울특별시 강서구 화곡1동 938번지 19호,서울특별시 강서구 곰달래로 54 (화곡동),서울한방병원,한방병원,강서구
2004,폐업,2012.0,서울특별시 강서구 과해동 676번지,서울특별시 강서구 하늘길 70 (과해동),우리들병원,병원,강서구
2019,영업/정상,,서울특별시 강서구 방화동 606번지 36호 바른세상병원,"서울특별시 강서구 금낭화로 9, 바른세상병원 1,2,3,4,5,층 6,7호 (방화동)",강서바른세상병원,병원,강서구
2007,영업/정상,,서울특별시 강서구 내발산동 678번지 7호 서울스타병원빌딩,"서울특별시 강서구 강서로 307, 서울스타병원빌딩 3,4,5,6,7,층 8,9호 (내발산동)",서울스타병원,병원,강서구
2011,영업/정상,,,서울특별시 중랑구 신내로 156 (신내동),서울특별시서울의료원,종합병원,중랑구
2004,영업/정상,,,서울특별시 구로구 새말로 110 (구로동),마루치과병원,치과병원,구로구
2016,영업/정상,,,"서울특별시 중랑구 면목로 310, 4,5,6,7층일부층 (면목동)",연세본병원,병원,중랑구
2004,영업/정상,,서울특별시 강서구 방화동 273번지 7호,"서울특별시 강서구 방화대로 352, 1~4층 (방화동)",솔병원,병원,강서구
2009,영업/정상,,"서울특별시 강서구 화곡동 114번지 100호 (1,2,3,4,5층)","서울특별시 강서구 화곡로 186, 1,2,3,4,5층 (화곡동, 세웅빌딩)",더와이즈치과병원,치과병원,강서구
2009,영업/정상,,서울특별시 강서구 화곡동 377번지 8호 나누리강서병원,"서울특별시 강서구 가로공원로 187, 나누리강서병원 (화곡동)",의료법인 나누리병원,병원,강서구
2019,영업/정상,,서울특별시 강서구 마곡동 797번지,"서울특별시 강서구 공항대로 237, 4,5,6층 (마곡동)",에스앤유서울병원,병원,강서구
2016,영업/정상,,서울특별시 강서구 방화동 495번지 26호,"서울특별시 강서구 양천로 35, 1~6층 (방화동)",365강서수요양병원,요양병원,강서구
2011,영업/정상,,서울특별시 중랑구 중화동 110번지 43호,"서울특별시 중랑구 봉화산로 64 (중화동, 디엔에프병원)",디앤에프병원,병원,중랑구
2019,영업/정상,,서울특별시 강서구 화곡동 1065번지 22호 터보빌딩,"서울특별시 강서구 강서로 173, 터보빌딩 7,8,9층 (화곡동)",하나로한방병원,한방병원,강서구
2014,영업/정상,,서울특별시 강서구 화곡동 786번지 6호,서울특별시 강서구 국회대로 233 (화곡동),새미래요양병원,요양병원,강서구
2010,영업/정상,,서울특별시 강서구 등촌동 664번지 11호 천수빌딩,"서울특별시 강서구 화곡로61길 109, 천수빌딩 2,3,4,5층 (등촌동)",새빛요양병원,요양병원,강서구
2010,영업/정상,,서울특별시 강서구 내발산동 701번지 15호 덕산빌딩,"서울특별시 강서구 강서로47가길 33, 덕산빌딩 2,3,4,5,6층 (내발산동)",서울대효병원,병원,강서구
2010,영업/정상,,서울특별시 강서구 등촌동 671번지,"서울특별시 강서구 강서로56길 38 (등촌동, 강서힘찬병원)",강서힘찬병원,병원,강서구
2012,영업/정상,,서울특별시 강서구 과해동 676번지,서울특별시 강서구 하늘길 70 (과해동),우리들병원,종합병원,강서구
2012,영업/정상,,서울특별시 강서구 방화동 572번지 11호,"서울특별시 강서구 양천로 92, 지하1, 지상1~6층 층호 (방화동, 방화정형외과)",방화병원,병원,강서구
2008,영업/정상,,서울특별시 강서구 화곡동 1076번지 1호 지상5층,"서울특별시 강서구 화곡로 176-4, 5층 (화곡동)",서울바로나치과병원,치과병원,강서구
1986,영업/정상,,서울특별시 강서구 등촌동 512번지 18호,"서울특별시 강서구 등촌로 181 (등촌동, 실로암안과병원)",실로암안과병원,병원,강서구
2000,폐업,,서울특별시 영등포구 대림동   706-1,,서울복지병원,병원,영등포구
2001,영업/정상,,서울특별시 강서구 화곡동 1052번지 6호,서울특별시 강서구 강서로 182 (화곡동),참요양병원,요양병원,강서구
2003,영업/정상,,서울특별시 강서구 등촌동 669번지 1호,"서울특별시 강서구 공항대로 315 (등촌동, 서울시니어강서타워)",강서송도병원,병원,강서구
2003,영업/정상,,서울특별시 강서구 내발산동 677번지 웰튼병원,"서울특별시 강서구 강서로 318, 웰튼병원 (내발산동)",웰튼병원,병원,강서구
2003,영업/정상,,서울특별시 강서구 등촌1동 673번지 1호 3층,"서울특별시 강서구 공항대로 281, 3층 (등촌동)",로고스치과병원,치과병원,강서구
2018,영업/정상,,서울특별시 강서구 화곡동 1026번지 12호,"서울특별시 강서구 강서로 206, 2,3,4,5,6층 (화곡동)",서울큰나무병원,병원,강서구
2012,영업/정상,,,서울특별시 도봉구 삼양로 606 (쌍문동),포근한맘요양병원,요양병원,도봉구
2012,영업/정상,,서울특별시 강서구 등촌동 632-6 파인블루빌딩,"서울특별시 강서구 양천로 600, 파인블루빌딩 지하1,2,7,8,층 9,10호 (등촌동)",서울고든병원,병원,강서구
2018,영업/정상,,,"서울특별시 강서구 공항대로 260, 이화여자대학교 제2부속병원 (마곡동)",이화여자대학교의과대학부속서울병원,종합병원,강서구
2020,영업/정상,,서울특별시 강서구 염창동 252번지 14호,"서울특별시 강서구 양천로 715, 지하3층~8층 (염창동)",모나리자요양병원,요양병원,강서구
2014,폐업,2014.0,서울특별시 구로구 개봉동 144번지 5호,서울특별시 구로구 경인로 306 (개봉동),의료법인일명의료재단 승리요양병원,요양병원,구로구
2007,폐업,2011.0,서울특별시 구로구 궁동 198-8호,,세광보난자요양병원,요양병원,구로구
2000,폐업,2015.0,서울특별시 영등포구 여의도동 25번지 11호 한진해운빌딩 지하1층,"서울특별시 영등포구 국제금융로2길 25, 지하1층 (여의도동)",유디치과병원,치과병원,영등포구
2001,영업/정상,,서울특별시 강서구 화곡동 349번지 3호,서울특별시 강서구 강서로17길 24 (화곡동),강서필병원,병원,강서구
2010,폐업,2016.0,서울특별시 구로구 구로5동 44번지 7호,서울특별시 구로구 공원로6가길 4 (구로동),의료법인 고려수 의료재단 고려수요양병원,요양병원,구로구
2016,폐업,2019.0,서울특별시 구로구 구로동 586번지 5호,"서울특별시 구로구 새말로 15 (구로동, 삼전솔하임)",우리모두들치과병원,치과병원,구로구
2012,폐업,2019.0,서울특별시 구로구 오류동 44번지 10호,서울특별시 구로구 경인로 176 (오류동),의료법인 씨티의료재단 씨티병원,병원,구로구
2015,폐업,2016.0,서울특별시 구로구 개봉동 144번지 5호,"서울특별시 구로구 경인로 306 (개봉동, 미서빌딩)",의료법인 일명의료재단 승리한방병원,한방병원,구로구
2007,영업/정상,,서울특별시 구로구 가리봉동 137번지 8호 정성요양병원,"서울특별시 구로구 남부순환로 1287, 정성요양병원 2.3.5층 남부순환로 107길 24동 (가리봉동)",의료법인 어울림의료재단 정성요양병원,요양병원,구로구
2007,영업/정상,,서울특별시 구로구 개봉동 403번지 29호,"서울특별시 구로구 개봉로19길 3 (개봉동, 강서진료병원)",강서효요양병원,요양병원,구로구
1999,영업/정상,,서울특별시 강서구 염창동 263번지 3호,서울특별시 강서구 양천로 712 (염창동),핑크힐병원,병원,강서구
2000,영업/정상,,"서울특별시 강서구 내발산동 701번지 4호 외 6필지, 701번지, 701-21외 2필지",서울특별시 강서구 강서로 295 (내발산동),미즈메디병원,종합병원,강서구
2003,영업/정상,,,서울특별시 중랑구 사가정로49길 53 (면목동),녹색병원,종합병원,중랑구
2007,폐업,2020.0,,"서울특별시 구로구 남부순환로 1291 (가리봉동, 영진오피스)",남부효요양병원,요양병원,구로구
2019,영업/정상,,"서울특별시 구로구 고척동 50번지 48호 고척프라자 가동4,5층/나동3,4층","서울특별시 구로구 중앙로 64, 고척프라자 가동 4,5층/나동3,4층 (고척동)",오케이요양병원,요양병원,구로구
2019,영업/정상,,서울특별시 구로구 고척동 73번지 3호 일이삼전자타운,"서울특별시 구로구 경인로 393-7, 일이삼전자타운 5,6,7층 (고척동)",리본병원,병원,구로구
2010,영업/정상,,,"서울특별시 구로구 중앙로1길 18-18 (고척동, 신원프라자)",아나파한방병원,한방병원,구로구
2000,폐업,,서울특별시 영등포구 신길동   232-84,,하병원,병원,영등포구
2013,영업/정상,,서울특별시 구로구 구로동 25,"서울특별시 구로구 새말로 94, 2~6층, 9층 / 새말로 110 지하1층동 3~6층 (구로동)",아름제일병원,병원,구로구
2011,영업/정상,,서울특별시 구로구 구로동 704번지 10호 MEDI FLOWER 147,"서울특별시 구로구 구로동로 147, MEDI FLOWER 147 (구로동)",예스병원,병원,구로구
2018,영업/정상,,서울특별시 구로구 구로동 552번지 148호 제중요양병원,"서울특별시 구로구 새말로 60, 제중요양병원 지하2,동 1~9층 (구로동)",재단법인 제중의료복지재단 제중요양병원,요양병원,구로구
2018,영업/정상,,서울특별시 구로구 오류동 55번지 30호 더세인트빌딩,"서울특별시 구로구 경인로 218, 더세인트빌딩 B1.B중,3~15층 (오류동)",더세인트요양병원,요양병원,구로구
2014,영업/정상,,서울특별시 구로구 고척동 191번지 1호,서울특별시 구로구 중앙로 100 (고척동),연세사랑모아여성병원,병원,구로구
2014,영업/정상,,,서울특별시 구로구 중앙로 91 (고척동),목동현대요양병원,요양병원,구로구
2019,영업/정상,,서울특별시 구로구 오류동 44번지 10호 시티월드,"서울특별시 구로구 경인로 176, 501,502,601호 (오류동, 시티월드)",해달한방병원,한방병원,구로구
2016,영업/정상,,서울특별시 구로구 구로동 44번지 7호 고려 수 타워,"서울특별시 구로구 공원로6가길 4, 고려 수 타워 (구로동)",의료법인 서울효천의료재단 에이치플러스요양병원,요양병원,구로구
1992,영업/정상,,서울특별시 영등포구 영등포동4가 156번지,서울특별시 영등포구 영신로 136 (영등포동4가),건양의료재단 김안과병원,병원,영등포구
2012,영업/정상,,서울특별시 구로구 오류동 159번지 삼성미래여성병원,"서울특별시 구로구 서해안로 2296, 삼성미래여성병원 (오류동)",삼성미래여성병원,병원,구로구
1981,영업/정상,,,서울특별시 영등포구 당산로31길 10 (당산동3가),의료법인 인봉의료재단 영등포병원,병원,영등포구
1983,영업/정상,,서울특별시 구로구 구로동 80번지 고려대부속구로병원,"서울특별시 구로구 구로동로 148, 고려대부속구로병원 (구로동)",고려대학교의과대학부속구로병원,종합병원,구로구
1976,영업/정상,,서울특별시 구로구 개봉동 353번지 2호,"서울특별시 구로구 개봉로 126 (개봉동, 구로다나병원빌딩)",의료법인다나의료재단구로다나병원,병원,구로구
2000,폐업,,서울특별시 영등포구 영등포동7가   77-0,,은송병원,병원,영등포구
2014,폐업,2015.0,서울특별시 구로구 개봉동 144번지 5호,서울특별시 구로구 경인로 306 (개봉동),의료법인 일명의료재단 승리요양병원,요양병원,구로구
2008,폐업,2015.0,"서울특별시 금천구 독산동 951번지 4호 5,6,7,8층","서울특별시 금천구 남부순환로 1372, 5,6,7,8층 (독산동)",효인요양병원,요양병원,금천구
1985,영업/정상,,서울특별시 금천구 독산3동 960번지,서울특별시 금천구 독산로 362 (독산동),실버한방병원,한방병원,금천구
1996,영업/정상,,서울특별시 금천구 독산3동 899번지 5호,서울특별시 금천구 남부순환로 1398 (독산동),구로한방병원,한방병원,금천구
2003,영업/정상,,서울특별시 금천구 독산4동 1012번지 18호,서울특별시 금천구 시흥대로114길 5 (독산동),아카시아병원,병원,금천구
2007,영업/정상,,서울특별시 금천구 가산동 151번지 36호,서울특별시 금천구 가산로 122 (가산동),성지병원,병원,금천구
2010,영업/정상,,서울특별시 금천구 독산동 150번지 7호 새움병원,"서울특별시 금천구 시흥대로139길 8, 새움병원 (독산동)",새움병원,병원,금천구
2011,영업/정상,,서울특별시 금천구 시흥1동 999번지 29호,서울특별시 금천구 시흥대로 239 (시흥동),뉴연세여성병원,병원,금천구
2012,영업/정상,,서울특별시 금천구 독산동 331번지 39호,서울특별시 금천구 범안로 1191 (독산동),성신고려요양병원,요양병원,금천구
2015,영업/정상,,서울특별시 금천구 독산동 288번지 1호,"서울특별시 금천구 시흥대로 421 (독산동, 건국빌딩)",서울바른세상병원,병원,금천구
2011,영업/정상,,서울특별시 금천구 시흥1동 890번지 4호 대의빌딩 3층,"서울특별시 금천구 시흥대로 202, 3,4층 (시흥동, 대의빌딩)",녹십자요양병원,요양병원,금천구
2011,영업/정상,,"서울특별시 금천구 시흥동 883번지 5호 서평빌딩 5,6,7층","서울특별시 금천구 시흥대로 230, 서평빌딩 5,6,7층 (시흥동)",서울대효병원,병원,금천구
1985,영업/정상,,서울특별시 금천구 시흥동 882번지 31호,서울특별시 금천구 시흥대로 244 (시흥동),희명병원,종합병원,금천구
2019,영업/정상,,서울특별시 금천구 시흥동 1031번지,"서울특별시 금천구 시흥대로73길 67, 4,6층 (시흥동)",금천한방병원,한방병원,금천구
2016,영업/정상,,서울특별시 영등포구 여의도동 35번지 3층,"서울특별시 영등포구 국제금융로6길 26, 3층 (여의도동, 한국노총)",유디치과병원,치과병원,영등포구
2018,영업/정상,,서울특별시 은평구 응암동 119번지 33호 정원빌딩,"서울특별시 은평구 응암로 267, 정원빌딩 (응암동)",시온한방병원,한방병원,은평구
1994,폐업,,서울특별시 영등포구 영등포동4가   156-0,,김안과병원,병원,영등포구
1999,폐업,2010.0,서울 영등포구 신길3동 232-84,,영등포하나요양병원,요양병원,영등포구
2013,영업/정상,,서울특별시 영등포구 양평동1가 28번지 4호 한강수병원,"서울특별시 영등포구 영등포로 83, 한강수병원 (양평동1가)",한강수병원,병원,영등포구
2012,영업/정상,,서울특별시 금천구 독산동 899-6 2~9층,"서울특별시 금천구 남부순환로 1400, 2~9층 (독산동)",금천수요양병원,요양병원,금천구
2008,영업/정상,,,서울특별시 중랑구 동일로 890 (묵동),마디세상병원,병원,중랑구
1994,영업/정상,,서울특별시 강남구 일원동 50번지,"서울특별시 강남구 일원로 81 (일원동, 삼성의료원)",삼성서울병원,종합병원,강남구
2016,영업/정상,,서울특별시 성북구 안암동5가 126번지 1호 고려대병원,"서울특별시 성북구 고려대로 73, 고려대병원 (안암동5가)",학교법인 고려중앙학원 고려대학교의과대학부속병원(안암병원),종합병원,성북구
2011,영업/정상,,서울특별시 영등포구 문래동2가 39번지 10호,서울특별시 영등포구 경인로77길 6 (문래동2가),로하스참사랑요양병원,요양병원,영등포구
1991,영업/정상,,서울시 동작구 상도4동 188번지19호,서울특별시 동작구 상도로 146 (상도동),의료법인성석의료재단동작경희병원,병원,동작구
1981,영업/정상,,서울특별시 종로구 연건동 28,서울특별시 종로구 대학로 101 (연건동),서울대학교병원,종합병원,종로구
2018,영업/정상,,서울특별시 종로구 숭인동 200번지 26호 진형빌딩,"서울특별시 종로구 종로 386, 6.7.8.9층 (숭인동)",서울숭인병원,병원,종로구
2012,영업/정상,,"서울특별시 서초구 양재동 20번지 7호 /양재동 20-4, 2층/양재동 20-20(지1~3층)",서울특별시 서초구 바우뫼로35길 32 (양재동),참포도나무병원,병원,서초구
2008,영업/정상,,서울특별시 구로구 개봉동 43번지 1호,"서울특별시 구로구 고척로21나길 88-41 (개봉동, 미소들병원)",의료법인 미소들노인전문병원,요양병원,구로구
2008,폐업,2017.0,서울특별시 영등포구 양평동1가 120번지 32호,"서울특별시 영등포구 선유로25길 6, 지하1층~지상5층 (양평동1가)",오산당요양병원,요양병원,영등포구
1999,폐업,2010.0,서울특별시 영등포구 신길3동 84번지,,영등포하나요양병원,요양병원,영등포구
2001,폐업,,서울특별시 영등포구 당산동3가   386-3,,영등포병원,병원,영등포구
2002,폐업,,서울특별시 영등포구 영등포동7가   77-5,,은송병원,병원,영등포구
2002,폐업,,서울특별시 영등포구 신길동   232-84,,하병원,병원,영등포구
2002,폐업,,서울특별시 영등포구 영등포동4가   156-0,,김안과병원,병원,영등포구
2003,폐업,,서울특별시 영등포구 영등포동8가   12-1,,서울성모병원,병원,영등포구
2003,폐업,2019.0,서울특별시 영등포구 여의도동 26번지 4호,"서울특별시 영등포구 의사당대로 97, 2층 (여의도동)",예림치과병원,치과병원,영등포구
2000,폐업,2018.0,서울특별시 영등포구 대림동   706-1,서울특별시 영등포구 도림로 142 (대림동),서울복지한방병원,한방병원,영등포구
2005,폐업,,서울특별시 영등포구 문래동2가   39-10,,참사랑요양병원,요양병원,영등포구
2005,폐업,,서울특별시 영등포구 문래동2가   39-10,,참사랑요양병원,요양병원,영등포구
2005,폐업,,서울특별시 영등포구 영등포동7가 외  77-5,,은송요양병원,요양병원,영등포구
2004,폐업,,서울특별시 영등포구 영등포동7가   77-5,,은송병원,병원,영등포구
2004,폐업,,서울특별시 영등포구 영등포동7가 외  77-5,,은송요양병원,병원,영등포구
2004,폐업,,서울특별시 영등포구 문래동2가   39-10,,참사랑병원,병원,영등포구
2004,폐업,2013.0,서울특별시 영등포구 영등포동4가   93-0,,충무병원,병원,영등포구
2004,폐업,,서울특별시 영등포구 문래동2가   39-10,,참사랑요양병원,요양병원,영등포구
2005,폐업,,서울특별시 영등포구 문래동2가   39-10,,참사랑요양병원,요양병원,영등포구
2006,폐업,2006.0,서울특별시 영등포구 영등포동8가   0-0,,마리아성모병원,병원,영등포구
2002,폐업,2011.0,서울특별시 영등포구 문래동2가   39-10,,참사랑요양병원,요양병원,영등포구
2008,폐업,2016.0,서울특별시 영등포구 영등포동4가 153번지 1호,서울특별시 영등포구 영신로34길 5 (영등포동4가),의료법인 덕수의료재단 영등포한방병원,한방병원,영등포구
2007,폐업,2014.0,서울 영등포구 대림3동 603-26,서울특별시 영등포구 도신로 218 (도림동),강남아산병원,병원,영등포구
2007,폐업,2017.0,서울특별시 영등포구 양평동1가 190번지 2-4층,"서울특별시 영등포구 영등포로 59, 2-4층 (양평동1가, 엠에스빌딩)",서울으뜸병원,병원,영등포구
2000,폐업,2018.0,서울특별시 영등포구 대림동 706번지 1호 706-13,서울특별시 영등포구 도림로 144 (대림동),서울복지병원,병원,영등포구
2010,폐업,2014.0,서울특별시 영등포구 영등포동6가 8번지 3호,서울특별시 영등포구 영중로 59 (영등포동6가),안세병원,병원,영등포구
1987,폐업,2017.0,서울특별시 영등포구 영등포본동 103번지 21호,서울특별시 영등포구 영등포로 358 (신길동),서울대윤병원,병원,영등포구
2014,폐업,2015.0,서울특별시 영등포구 영등포동6가 8번지 3호 안세빌딩,"서울특별시 영등포구 영중로 59 (영등포동6가, 안세빌딩)",영등포안세병원,병원,영등포구
2014,폐업,2016.0,서울특별시 영등포구 여의도동 26번지 4호,"서울특별시 영등포구 의사당대로 97, 2층,4층 (여의도동, 교보증권빌딩)",다통한병원,병원,영등포구
1989,폐업,,서울특별시 영등포구 신길동   103-21,,서울대윤병원,병원,영등포구
1992,폐업,2008.0,서울특별시 영등포구 양평동1가   120-32,,지성병원,병원,영등포구
1981,취소/말소/만료/정지/중지,2015.0,서울특별시 영등포구 당산동3가   386-3,,영등포병원,병원,영등포구
1986,취소/말소/만료/정지/중지,2015.0,서울특별시 영등포구 여의도동   62-0,,가톨릭대학교 여의도성모병원,종합병원,영등포구
1983,영업/정상,,서울특별시 강남구 도곡동 146번지 92호 강남세브란스병원,"서울특별시 강남구 언주로 211, 강남세브란스병원 (도곡동)",연세대학교의과대학 강남세브란스병원,종합병원,강남구
2006,영업/정상,,"서울특별시 노원구 상계동 373번지 71호 , 상계동 373-45 , 상계동 373-7(1층~3층)","서울특별시 노원구 노원로 448 (상계동, 메디아이여성병원)",메디아이여성병원,병원,노원구
1984,영업/정상,,서울특별시 영등포구 영등포동4가 92번지,"서울특별시 영등포구 영등포로36길 13 (영등포동4가, 충무병원)",씨엠병원,종합병원,영등포구
2009,영업/정상,,"서울특별시 강남구 역삼동 642번지 7호 2층,3층일부","서울특별시 강남구 논현로 507 (역삼동, 성지하이츠3차빌딩 2층,3층일부)",선한목자병원,병원,강남구
2009,영업/정상,,,"서울특별시 영등포구 가마산로 381 (대림동, 한세빌딩)",대림요양병원,요양병원,영등포구
2013,영업/정상,,서울특별시 동작구 대방동 417번지 3호,서울특별시 동작구 여의대방로 134 (대방동),의료법인덕수의료재단보라매요양병원,요양병원,동작구
1977,폐업,2008.0,서울시 동작구 신대방1동 586번지13호,,의료법인 동암의료재단한독병원,병원,동작구
2015,영업/정상,,"서울특별시 동작구 신대방동 358번지 3호 1,2,3층","서울특별시 동작구 여의대방로22길 98, 1,2,3층 (신대방동)",기분좋은한방병원,한방병원,동작구
2015,영업/정상,,"서울특별시 영등포구 영등포동6가 8번지 3호 지하1층,지상2~8,10층",서울특별시 영등포구 영중로 59 (영등포동6가),새길병원,병원,영등포구
2011,영업/정상,,"서울특별시 동작구 사당동 147번지 29호 3층 및 2,4층 일부","서울특별시 동작구 사당로 300, 2·4층일부및3  층 (사당동, 이수자이)",연세바른병원,병원,동작구
2015,영업/정상,,서울특별시 영등포구 영등포동8가 68번지 2층~5층,"서울특별시 영등포구 영중로 133, 2~5층 (영등포동8가)",닥터김앤박요양병원,요양병원,영등포구
2015,영업/정상,,서울특별시 영등포구 대림동 681번지,"서울특별시 영등포구 가마산로 368 (대림동, 메디칼빌딩)",초록나무요양병원,요양병원,영등포구
2010,영업/정상,,,서울특별시 중구 을지로 245 (을지로6가),국립중앙의료원,종합병원,중구
2018,영업/정상,,,"서울특별시 양천구 오목로 282, 서원빌딩 지하1층~3층층 (목동)",목동성모요양병원,요양병원,양천구
2016,영업/정상,,서울특별시 양천구 신월동 546번지 27호,서울특별시 양천구 신월로 151 (신월동),솔빛한방병원,한방병원,양천구
2007,영업/정상,,서울특별시 영등포구 영등포동7가 77번지 5호,서울특별시 영등포구 영중로 100 (영등포동7가),신화요양병원,요양병원,영등포구
1960,영업/정상,,서울특별시 은평구 역촌동 산 31번지 1호,서울특별시 은평구 갈현로7길 49 (역촌동),서울특별시서북병원,병원,은평구
2018,영업/정상,,서울특별시 동작구 사당동 138번지 3호 사당동 주상복합,"서울특별시 동작구 동작대로27다길 26, 2층 (사당동, 사당동 주상복합)",내이처럼치과병원,치과병원,동작구
2005,영업/정상,,서울특별시 노원구 상계동 711번지 12호 9층~11층,"서울특별시 노원구 동일로 1419, 9층~11층 (상계동)",선의요양병원,요양병원,노원구
2003,영업/정상,,서울특별시 동작구 상도1동 614번지 1호,서울특별시 동작구 양녕로 283 (상도1동),정동병원,병원,동작구
2007,영업/정상,,서울특별시 동작구 사당동 1042번지 12호 3층,"서울특별시 동작구 동작대로 13, 3층 (사당동)",따뜻한치과병원,치과병원,동작구
2006,폐업,2013.0,"서울시 동작구 대방동 417번지3호,14호",,보라매성모요양병원,요양병원,동작구
2012,폐업,2012.0,서울특별시 관악구 신림동 1643번지 6호,"서울특별시 관악구 시흥대로 572, 4~6층 (신림동)",강남병원,병원,관악구
1988,폐업,2010.0,서울특별시 관악구 청룡동 883번지 14호,서울특별시 관악구 남부순환로 1782 (봉천동),본플러스병원,병원,관악구
2005,폐업,2011.0,관악구 봉천8동 945-10,서울특별시 관악구 남부순환로 1710 (봉천동),이너스치과병원,치과병원,관악구
2008,폐업,2010.0,관악구 봉천9동 937-15 (5-7층),,서울e병원,병원,봉천9동
2007,폐업,2008.0,서울특별시 관악구 신림동 1643번지 6호,서울특별시 관악구 시흥대로 572 (신림동),강남병원,병원,관악구
1992,영업/정상,,서울특별시 강북구 미아동 304번지 7호,서울특별시 강북구 도봉로 181 (미아동),성신병원,병원,강북구
2009,폐업,2010.0,서울특별시 관악구 조원동 1643번지 6호,서울특별시 관악구 시흥대로 572 (신림동),신우신병원,병원,관악구
2010,영업/정상,,서울특별시 관악구 봉천동 875번지 8호,"서울특별시 관악구 남부순환로 1796, -1,2~5층 (봉천동, 삼호빌딩)",강남초이스병원,병원,관악구
1995,영업/정상,,서울특별시 관악구 봉천동 884번지 44호,서울특별시 관악구 남부순환로 1785 (봉천동),미래드림여성병원,병원,관악구
2013,영업/정상,,서울특별시 관악구 신림동 86번지 3호,"서울특별시 관악구 신림로 318, 4,5층 (신림동, 청암두산위브)",척편한병원,병원,관악구
2013,영업/정상,,서울특별시 관악구 신림동 726번지 5호,서울특별시 관악구 난곡로 215 (신림동),조인트힐병원,병원,관악구
2012,영업/정상,,서울특별시 양천구 신월동 550번지 3호 승일뷰티타워 8~9층,"서울특별시 양천구 신월로 164, 8층 9층 (신월동, 승일뷰티타워)",라온휴병원,병원,양천구
2019,영업/정상,,서울특별시 관악구 남현동 1058번지 6호 한일프라자,"서울특별시 관악구 남현길 7, 한일프라자 4, 6층 (남현동)",더웰샘한방병원,한방병원,관악구
2020,영업/정상,,서울특별시 중랑구 망우동 490번지 8호,"서울특별시 중랑구 망우로 400, 2층~3층(201호~204호,301호~304호) (망우동)",경동한방병원,한방병원,중랑구
2014,영업/정상,,"서울특별시 관악구 신림동 1421번지 55호 지1층, 2~11층","서울특별시 관악구 신림로64길 11, 지1층,2~11층 (신림동, 성재빌딩)",강남수요양병원,요양병원,관악구
1982,영업/정상,,,"서울특별시 영등포구 여의대방로53길 22 (신길동, 성애병원)",성애의료재단 성애병원,종합병원,영등포구
1984,영업/정상,,서울특별시 영등포구 대림동 709번지 1호 명지성모병원 본관 및 별관,"서울특별시 영등포구 도림로 156, 명지성모병원 (대림동)",명지성모병원,종합병원,영등포구
2012,폐업,2020.0,"서울특별시 양천구 신정동 1023번지 12호 에벤에셀빌딩 4층 401, 402호","서울특별시 양천구 은행정로 5, 401호, 402호 (신정동, 에벤에셀빌딩)",서울그린치과병원,치과병원,양천구
2014,영업/정상,,서울특별시 관악구 봉천동 869번지 12호 대연빌딩,"서울특별시 관악구 남부순환로 1814, 대연빌딩 3,4,8,9층 (봉천동)",연세건우병원,병원,관악구
2008,영업/정상,,,서울특별시 관악구 남부순환로 1704 (봉천동),강남효요양병원,요양병원,관악구
2012,영업/정상,,서울특별시 양천구 신정동 994번지 5호 3~4층,"서울특별시 양천구 목동로 189, 3~4층 (신정동)",목동연세요양병원,요양병원,양천구
1995,영업/정상,,,서울특별시 관악구 관악로 242 (봉천동),강남고려병원,병원,관악구
2015,영업/정상,,서울특별시 관악구 신림동 산 56번지 1호 지1~3층,"서울특별시 관악구 관악로 1, 지1~3층 (신림동)",관악서울대학교치과병원,치과병원,관악구
2010,폐업,2012.0,"서울특별시 관악구 조원동 1643번지 6호 4,5,6층","서울특별시 관악구 시흥대로 572 (신림동,4,5,6층)",의료법인우진의료재단관악분원조원병원,병원,관악구
2003,폐업,2008.0,서울특별시 서초구 반포동 44-3,,조은병원,병원,서초구
2004,영업/정상,,서울특별시 서초구 방배동 852번지 20호,"서울특별시 서초구 방배로 177, 4~6층 (방배동)",가야치과병원,치과병원,서초구
1996,폐업,2014.0,서울특별시 서초구 방배본동 2240번지,서울특별시 서초구 동광로 5 (방배동),강남의림한방병원,한방병원,서초구
2008,폐업,2010.0,서울특별시 서초구 방배3동 479번지 5호,,모심요양병원,요양병원,서초구
2009,폐업,2010.0,서울특별시 서초구 방배3동 479번지 5호,,새힘오산당병원,병원,서초구
2009,폐업,2017.0,서울특별시 서초구 서초동 1305번지 5호 13층,"서울특별시 서초구 강남대로 435, 13층 (서초동, 주류성빌딩)",사람사랑치과병원,치과병원,서초구
2009,폐업,2011.0,서울특별시 서초구 양재2동 402번지 3호,서울특별시 서초구 논현로1길 13 (양재동),함춘요양병원,요양병원,서초구
2011,폐업,2015.0,서울특별시 서초구 서초4동 1306번지 6호 지하2층,"서울특별시 서초구 강남대로 419 (서초동, 지하2층)",원진바른얼굴치과병원,치과병원,서초구
2005,폐업,2018.0,서울특별시 서초구 서초동 1328번지 7호 4층,"서울특별시 서초구 강남대로 365, 4층 (서초동, 대우도씨에빌)",사과나무치과병원,치과병원,서초구
2005,폐업,2009.0,"서울특별시 서초구 서초1동 1673-1 4층, 8층",,이엔이치과병원,치과병원,서초구
2006,폐업,2012.0,서울특별시 서초구 서초4동 1318번지 4호 9층,"서울특별시 서초구 강남대로 403 (서초동,9층)",서울그린치과병원,치과병원,서초구
2006,폐업,2014.0,서울특별시 서초구 양재1동 13번지 1호,서울특별시 서초구 강남대로 220 (양재동),독일웰치과병원,치과병원,서초구
2003,폐업,2012.0,서울특별시 서초구 서초4동 1318번지 8호  3층,"서울특별시 서초구 강남대로 399 (서초동,3층)",유아이씨시카고 치과병원,치과병원,서초구
2004,폐업,2009.0,"서울특별시 서초구 방배3동 479번지 5호 지하4층~2층, 6층",,오산당병원,병원,서초구
2010,영업/정상,,서울특별시 서초구 서초동 1677번지 8호 프로비스타,"서울특별시 서초구 서초대로 338, 프로비스타 지하1층 지상2~8층 (서초동)",모커리한방병원,한방병원,서초구
2008,영업/정상,,,"서울특별시 서초구 서초중앙로 39, 5층 (서초동)",서울탑치과병원,치과병원,서초구
1978,영업/정상,,,서울특별시 서초구 헌릉로 260 (내곡동),서울특별시어린이병원,병원,서초구
1980,영업/정상,,,서울특별시 서초구 반포대로 222 (반포동),학교법인가톨릭학원가톨릭대학교서울성모병원,종합병원,서초구
1998,영업/정상,,서울특별시 서초구 방배1동 896번지 1호,서울특별시 서초구 서초대로 116 (방배동),의료법인 청해의료재단 제일병원,병원,서초구
1999,영업/정상,,서울특별시 서초구 방배동 481번지 10호,서울특별시 서초구 남부순환로 2151 (방배동),대항병원,병원,서초구
2001,영업/정상,,,"서울특별시 서초구 방배로 245, 3층 (방배동, 현대클리닉빌딩)",필치과병원,치과병원,서초구
2009,영업/정상,,"서울특별시 서초구 반포동 20번지 45호 반포자이프라자 403, 404호","서울특별시 서초구 잠원로 24, 403,404호 (반포동, 반포자이프라자)",서울귀한이치과병원,치과병원,서초구
2008,영업/정상,,"서울특별시 서초구 방배동 478번지 3호 ,  479번지 5호",서울특별시 서초구 효령로 10 (방배동),연세사랑병원,병원,서초구
2009,영업/정상,,"서울특별시 서초구 반포동 736번지 9호 지하4층~9층/반포동 735-26 외1(지1층,2~4층)","서울특별시 서초구 강남대로 505 (반포동, 고도일 병원)",고도일병원,병원,서초구
1989,영업/정상,,서울특별시 서초구 방배동 837번지 13호,서울특별시 서초구 방배로 186 (방배동),재단법인 동국한방병원,한방병원,서초구
2010,영업/정상,,"서울특별시 양천구 목1동 404번지 156호 대경프라자 ( 3층, 5층, 6층)","서울특별시 양천구 신목로 102, 3,5,6층 (목동, 대경프라자)",재단법인자생의료재단목동자생한방병원,한방병원,양천구
2013,영업/정상,,"서울특별시 서초구 서초동 1657번지 1호 서초동 1657-1(B1,2~13층),1657-2(2~4층)",서울특별시 서초구 서초중앙로 126 (서초동),365엠씨(mc)병원,병원,서초구
2015,영업/정상,,서울특별시 서초구 서초동 1694번지 10호 김영학원사옥,"서울특별시 서초구 서초중앙로 148, 희성빌딩 5,6,9층 (서초동)",염창환병원,병원,서초구
2014,영업/정상,,서울특별시 서초구 방배동 765번지 28호 1~3층,"서울특별시 서초구 동작대로 196, 1~3층 (방배동)",이건목원리한방병원,한방병원,서초구
2016,영업/정상,,,"서울특별시 서초구 양재대로 54, 지1,2층, 2~9층 (우면동, 서초참병원)",의료법인 참예원의료재단 서초참요양병원,요양병원,서초구
2017,영업/정상,,서울특별시 서초구 방배동 446번지 3호 지하1층~3층,서울특별시 서초구 방배천로2길 22 (방배동),서초프라임요양병원,요양병원,서초구
2018,영업/정상,,서울특별시 서초구 서초동 1515번지 4호 서원빌딩,"서울특별시 서초구 명달로 102, 서원빌딩 1-6층 (서초동)",올바로병원,병원,서초구
2015,제외/삭제/전출,,서울특별시 서초구 서초동 1305번지 서산빌딩,"서울특별시 서초구 강남대로 441, 서산빌딩 11층 (서초동)",라이브치과병원,치과병원,서초구
2001,영업/정상,,서울특별시 서초구 잠원동 38번지 25호 기린한방병원,"서울특별시 서초구 신반포로49길 3, 기린한방병원 (잠원동)",길인의료재단 기린한방병원,한방병원,서초구
2003,영업/정상,,서울특별시 서초구 서초동 1602번지 8호,서울특별시 서초구 서초중앙로 39 (서초동),21세기병원,병원,서초구
1978,폐업,2009.0,서울특별시 서초구 방배4동 852-14,,가야병원,병원,서초구
2003,영업/정상,,서울특별시 강남구 논현동 63번지 8호,서울특별시 강남구 언주로 731 (논현동),나누리병원,병원,강남구
2010,폐업,2020.0,,"서울특별시 서초구 서초중앙로 110, 4,5층 (서초동, 롯데캐슬메디치빌딩)",의료법인 명경의료재단 꽃마을한방병원,한방병원,서초구
2009,영업/정상,,서울특별시 양천구 신정동 318번지 5호 황금프라자 10층,"서울특별시 양천구 목동서로 285, 황금프라자 10층 (신정동)",목동중앙치과병원,치과병원,양천구
2007,영업/정상,,,서울특별시 서초구 반포대로9길 42 (서초동),의료법인 부원의료재단 서초요양병원,요양병원,서초구
2015,영업/정상,,,서울특별시 서초구 서초중앙로 47 (서초동),세바른병원,병원,서초구
2003,영업/정상,,서울특별시 강남구 도곡동 910번지 27호 베드로병원,"서울특별시 강남구 남부순환로 2649, 베드로병원 (도곡동)",강남베드로병원,병원,강남구
2005,영업/정상,,"서울특별시 강남구 삼성동 52번지 17호 마디빌딩, 지하1층~3층, 지상1층~9층","서울특별시 강남구 삼성로 646, 마디빌딩, 지하1층~3층, 지상1층~9층 (삼성동)",마디병원,병원,강남구
2005,영업/정상,,,"서울특별시 강남구 봉은사로 171 (논현동, 지하1층일부,1-5층,6층일부)",김정수여러분병원,병원,강남구
2006,영업/정상,,서울특별시 강남구 대치동 907번지 16호 누네안과병원,"서울특별시 강남구 선릉로 404, 누네안과병원 1층일부,2~8층 (대치동)",누네안과병원,병원,강남구
2007,영업/정상,,서울특별시 강남구 논현동 62번지 9호,"서울특별시 강남구 도산대로 238, 2~5층, 7~11층, 13~14층 (논현동)",석플란트치과병원,치과병원,강남구
2006,제외/삭제/전출,,서울특별시 강남구 도곡동 942번지 3호,"서울특별시 강남구 도곡로 122 (도곡동, 삼우빌딩)",기쁨병원,병원,강남구
2013,영업/정상,,서울특별시 강남구 삼성동 142번지 35호 9층,"서울특별시 강남구 테헤란로 411, 9층 (삼성동)",유디성신치과병원,치과병원,강남구
2013,영업/정상,,"서울특별시 강남구 수서동 713번지 수서현대벤처빌 303호,315호","서울특별시 강남구 밤고개로1길 10, 315호 (수서동, 수서현대벤쳐빌)",기쁨정원치과병원,치과병원,강남구
2015,영업/정상,,서울특별시 강남구 역삼동 705번지 27호 화남빌딩 4~9층,"서울특별시 강남구 테헤란로 337 (역삼동, 4~9층)",강남초이스정형외과병원,병원,강남구
2018,영업/정상,,서울특별시 강남구 논현동 218번지 11호,"서울특별시 강남구 언주로 631, 지하2층,지상2층일부, 지상3층~6층, 지상7층일부 (논현동)",강남지인병원,병원,강남구
2006,폐업,2020.0,서울특별시 강남구 대치동 889번지 47호 샹제리제센터 제B동 202호,"서울특별시 강남구 선릉로90길 10 (대치동, 샹제리제센터 제B동 지하층 202호)",네모치과병원,치과병원,강남구
2005,영업/정상,,,"서울특별시 강남구 학동로 445 (청담동, 삼성로 707 지하1층 2층(청담동)",우리들병원,병원,강남구
2015,영업/정상,,서울특별시 강남구 삼성동 90번지 14호 GNG병원빌딩 2층~10층,"서울특별시 강남구 영동대로 626, 2~10층 (삼성동, GNG병원빌딩)",지앤지병원,병원,강남구
2004,영업/정상,,"서울특별시 양천구 목1동 404번지 256호 지하2층~지상6층, 8층~9층","서울특별시 양천구 오목로 351, B2~6,8~9층 (목동)",의료법인해인의료재단 동신한방병원,한방병원,양천구
2013,영업/정상,,서울특별시 강남구 삼성동 115번지 덕림빌딩 지하1층~9층,"서울특별시 강남구 봉은사로 458, 지하1층 ~ 9층 (삼성동, 덕림빌딩)",소람한방병원,한방병원,강남구
2002,영업/정상,,서울특별시 양천구 신정4동 888번지 47호,서울특별시 양천구 신정중앙로 103 (신정동),이엔이치과병원,치과병원,양천구
2013,영업/정상,,"서울특별시 강남구 역삼동 773번지 6호 지하1층, 2~7층","서울특별시 강남구 언주로 327, 지하1층, 2~7층 (역삼동)",안강병원,병원,강남구
2009,영업/정상,,"서울특별시 강남구 역삼2동 732번지 19호 지하2층일부,1층일부,2층~6층","서울특별시 강남구 역삼로 245 (역삼동, 지하2층일부 1층일부 2층~6층)",하나이비인후과병원,병원,강남구
2010,영업/정상,,"서울특별시 강남구 삼성1동 158번지 12호 서영빌딩 14층, 15층일부","서울특별시 강남구 테헤란로87길 13 (삼성동, 서영빌딩 14층,15층일부)",아림치과병원,치과병원,강남구
2011,영업/정상,,서울특별시 강남구 삼성동 171번지 1호  지하1~4층,"서울특별시 강남구 봉은사로114길 43, 지하1층~4층 (삼성동)",서울특별시서울의료원강남분원,병원,강남구
2018,영업/정상,,서울특별시 강남구 신사동 635번지,"서울특별시 강남구 언주로 858, 1관,2관동 (신사동)",노블케어요양병원,요양병원,강남구
2020,영업/정상,,"서울특별시 강남구 도곡동 543번지 5호 롤스웰빌딩 지하2층, 지하1층, 지상1층 일부, 지상2~7층","서울특별시 강남구 도곡로 214, 롤스웰빌딩 지하2층, 지하1층, 지상1층 일부, 지상2~7층 (도곡동)",서울본브릿지병원,병원,강남구
2001,영업/정상,,서울특별시 양천구 신월동 51번지 11호,"서울특별시 양천구 남부순환로 331 (신월동, 메디힐병원)",메디힐병원,병원,양천구
2012,영업/정상,,"서울특별시 강남구 청담동 71번지 3호 B1~6층, 7층일부,8층","서울특별시 강남구 영동대로 713, B1~6층, 7층일부,8층 (청담동)",튼튼병원,병원,강남구
2019,영업/정상,,"서울특별시 강남구 논현동 235번지 11호 센트럴타워, 5-9층","서울특별시 강남구 봉은사로 213, 센트럴타워 5-9층 (논현동)",힘찬큐한방병원,한방병원,강남구
2019,영업/정상,,서울특별시 강남구 도곡동 543번지 4호,"서울특별시 강남구 도곡로 212, 지하2층,지상4~8층 (도곡동)",예작병원,병원,강남구
2018,영업/정상,,"서울특별시 강남구 논현동 98번지 2호 2,3,4,5,7,8,9,10층","서울특별시 강남구 언주로 728, 2,3,4,5,7,8,9,10층 (논현동)",미니쉬치과병원,치과병원,강남구
2011,영업/정상,,서울특별시 강남구 논현동 200번지 7호 어반하이브 4층,"서울특별시 강남구 강남대로 476, 4층 (논현동, urbanhive)",굿라이프치과병원,치과병원,강남구
2015,영업/정상,,,"서울특별시 강남구 논현로 609, 2층, 3층일부,4층 (논현동, 정빌딩)",경희한성한방병원,한방병원,강남구
1997,영업/정상,,서울특별시 양천구 신정동 907번지 12호,서울특별시 양천구 오목로 199 (신정동),목동예치과병원,치과병원,양천구
1993,영업/정상,,서울특별시 양천구 신정동 899번지 1호 홍익병원본관,"서울특별시 양천구 목동로 225, 홍익병원본관 (신정동)",홍익병원,종합병원,양천구
2016,영업/정상,,서울특별시 강남구 도곡동 949번지,서울특별시 강남구 강남대로 276 (도곡동),메디움강남요양병원,요양병원,강남구
2017,영업/정상,,서울특별시 강남구 개포동 1230번지 12호,서울특별시 강남구 논현로16길 15 (개포동),소우주요양병원,요양병원,강남구
2016,영업/정상,,"서울특별시 강남구 삼성동 77번지 23호 지하1,2층, 지상 1~11층","서울특별시 강남구 봉은사로 535 (삼성동, 트리니티재활병원빌딩, 지하1,2층, 지상1~11층)",트리니티요양병원,요양병원,강남구
2017,영업/정상,,"서울특별시 강남구 개포동 1164번지 10호 지하2층~1층, 지상1층~6층","서울특별시 강남구 논현로2길 30 (개포동, 지하2층~1층, 지상1층~6층)",큰사랑요양병원,요양병원,강남구
2008,영업/정상,,,"서울특별시 강남구 도산대로 410, 3~8층 (청담동)",에스플란트치과병원,치과병원,강남구
2008,영업/정상,,,서울특별시 강남구 논현로 705 (논현동),메드렉스병원,병원,강남구
1992,영업/정상,,,"서울특별시 강남구 압구정로 304,  층 (신사동, 윤호병원(지하1층,지하2층,1층~4층,7층) )",윤호병원,병원,강남구
2012,영업/정상,,"서울특별시 강남구 대치동 995번지 27호 지하1~2층,2~7층","서울특별시 강남구 영동대로86길 9 (대치동, 지하1~2층,2~7층)",광혜병원,병원,강남구
2008,영업/정상,,서울특별시 강남구 논현동 175-10 유현빌딩,"서울특별시 강남구 논현로 627, 지하2층,지상1층~9층, 지상11층 (논현동)",비에비스나무병원,병원,강남구
2009,영업/정상,,"서울특별시 강남구 논현동 5번지 6호 B3~5층,7~16층/도산대로12길13(B1층,1층일부,2~3층)","서울특별시 강남구 도산대로 142, B3~5층,7~16층 (논현동, 도산대로12길13(B1층,1층일부,2~3층))",아이디병원,병원,강남구
2017,영업/정상,,,"서울특별시 강남구 도산대로 209, 느루요양병원빌딩, 지하1~2층, 지상1~10층 (신사동)",느루요양병원,요양병원,강남구
1994,영업/정상,,"신사동 624-13 (2, 3층)","서울특별시 강남구 언주로165길 9, 2,3층 (신사동)",서울치과병원,치과병원,강남구
2014,폐업,2015.0,서울특별시 강남구 역삼동 825번지 미진프라자 15층 16층일부 17층일부,"서울특별시 강남구 강남대로 390 (역삼동, 미진프라자 15층 16층일부 17층일부)",지앤지병원,병원,강남구
2005,폐업,2010.0,대치3동 995-27외 2필지,"서울특별시 강남구 삼성로 548 (삼성동, 1층일부, 6층,7층)",광혜병원,병원,강남구
2005,폐업,2017.0,역삼1동 825 (미진프라자 11층),"서울특별시 강남구 강남대로 390, 11층 (역삼동, 미진프라자)",포샤르치과병원,치과병원,강남구
2005,폐업,2015.0,"서울특별시 강남구 청담동 70번지 15호 2층,3층","서울특별시 강남구 학동로97길 11, 2층,3층 (청담동)",씨디씨어린이치과병원,치과병원,강남구
2006,폐업,2014.0,"서울특별시 강남구 개포4동 1164번지 10호 지하1층, 지상1~6층","서울특별시 강남구 논현로2길 30, 지하1층, 1~6층 (개포동)",큰사랑노인전문병원,요양병원,강남구
2006,폐업,2013.0,"서울특별시 강남구 대치동 957번지 2,3층","서울특별시 강남구 삼성로 432, 2,3층 (대치동)",메르덴치과병원,치과병원,강남구
2007,폐업,2010.0,도곡1동 542,서울특별시 강남구 도곡로 216 (도곡동),에스병원,병원,강남구
2009,폐업,2013.0,서울특별시 강남구 논현2동 60번지 7호,서울특별시 강남구 도산대로 214 (논현동),아이엠치과병원,치과병원,강남구
2012,폐업,2019.0,서울특별시 강남구 역삼1동 736번지 16호 2층,"서울특별시 강남구 테헤란로20길 5, 2층 (역삼동)",투데이치과병원,치과병원,강남구
2012,폐업,2020.0,"서울특별시 강남구 신사동 597번지 3호 지하1,2층, 지상1층일부, 2,3,4,5층","서울특별시 강남구 압구정로30길 67 (신사동, 지하1,2층, 지상1층일부, 2,3,4,5층)",이지앤성형외과병원,병원,강남구
2012,폐업,2013.0,"서울특별시 강남구 논현동 164번지 2호 지1~3층,5층",서울특별시 강남구 강남대로 516 (논현동),바비페이스치과병원,치과병원,강남구
2012,폐업,2012.0,"서울특별시 강남구 대치동 960번지 12호 3,4,5층","서울특별시 강남구 역삼로 509 (대치동,3,4,5층)",한맘플러스병원,병원,강남구
2011,폐업,2015.0,서울특별시 강남구 청담동 84번지 6호 소나무빌딩 4층~7층,"서울특별시 강남구 선릉로 832, 4~7층 (청담동, 소나무빌딩)",엠디병원,병원,강남구
2011,폐업,2012.0,서울특별시 강남구 청담동 125번지 23호,서울특별시 강남구 도산대로 523 (청담동),예치과병원,치과병원,강남구
2013,폐업,2015.0,서울특별시 강남구 도곡동 949번지,서울특별시 강남구 강남대로 276 (도곡동),세바른병원,병원,강남구
2013,폐업,2015.0,"서울특별시 강남구 논현동 164번지 2호 2층,3층,5층","서울특별시 강남구 강남대로 516, 2층,3층,5층 (논현동)",제아치과병원,치과병원,강남구
2008,폐업,2016.0,서울특별시 강남구 청담동 87번지 11호 지하1층 1층 2층일부 3층~7층,"서울특별시 강남구 도산대로 417 (청담동, 지하1층 1층 2층일부 3층~7층)",더청담병원,병원,강남구
1993,폐업,2017.0,,"서울특별시 강남구 도곡로 452-452 (대치동, 미즈메디병원)",미즈메디병원,병원,강남구
2008,폐업,2011.0,역삼1동 671,,푸른노인전문병원,병원,671
2008,폐업,2016.0,"서울특별시 강남구 논현동 115번지 17호 지하1,2층, 지상2,3층",서울특별시 강남구 학동로 309 (논현동),한솔정형외과병원,병원,강남구
2009,폐업,2010.0,서울특별시 강남구 신사동 574번지 2호 3층,"서울특별시 강남구 압구정로 148 (신사동,3층)",아이디치과병원,치과병원,강남구
1998,폐업,2011.0,삼성2동 142-35 (9층),,성신치과병원,치과병원,142-35
2000,폐업,2013.0,삼성1동 159외 2필지,,코엑스치과병원,치과병원,159외
2007,폐업,2011.0,"서울특별시 강남구 청담동 131번지 6호 1층일부, 8층~12층","서울특별시 강남구 영동대로 734 (청담동,1층일부, 8층~12층)",예치과병원,치과병원,강남구
2007,폐업,2016.0,,"서울특별시 강남구 광평로51길 6-9 (수서동, 지하1층, 지상1~7층)",강남센트럴요양병원,요양병원,강남구
2007,폐업,2014.0,서울특별시 강남구 논현동 192번지 5호,"서울특별시 강남구 논현로 609 (논현동, 2층, 3층일부, 4층)",자이비뇨기과병원,병원,강남구
2007,폐업,2018.0,,"서울특별시 강남구 학동로4길 7 (논현동, 에스오케이병원 1~3층, 4층일부)",연세에스병원,병원,강남구
1980,폐업,2012.0,서울특별시 강남구 역삼동 718번지 35호 한서병원,"서울특별시 강남구 논현로86길 21, 지하1층~4층 (역삼동)",(사) 대한사회복지회 한서병원,병원,강남구
2004,폐업,2006.0,서울특별시 강남구 수서동 717번지  2층,"서울특별시 강남구 밤고개로1길 34, 2층 (수서동)",베스필치과병원,치과병원,강남구
2000,폐업,2003.0,서울특별시 강남구 역삼1동 19번지  3~5층,"서울특별시 강남구 테헤란로 106, 3~5층 (역삼동)",그린치과병원,치과병원,강남구
1997,폐업,2004.0,서울특별시 강남구 신사동 619번지 7호 9층,"서울특별시 강남구 언주로171길 18, 9층 (신사동)",가우치과병원,치과병원,강남구
2013,폐업,2019.0,서울특별시 강남구 신사동 514번지 16호,"서울특별시 강남구 도산대로 121, B6~B2, B1일부,지상1~5층, 6층일부, 7층~15층, (신사동)",그랜드성형외과병원,병원,강남구
1983,폐업,2011.0,삼성1동 171-1,,서울특별시 서울의료원,종합병원,171-1
1998,폐업,2004.0,,서울특별시 강남구 삼성로 507 (삼성동),남서울병원,병원,강남구
2000,폐업,2001.0,,"서울특별시 강남구 삼성로 548, 1,6,7층 (삼성동, 지암빌딩)",엘에스병원,병원,강남구
1990,폐업,2018.0,서울특별시 강남구 역삼동 648번지 22호,"서울특별시 강남구 테헤란로 125 (역삼동, 동찬빌딩)",청아치과병원,치과병원,강남구
1994,영업/정상,,서울특별시 강남구 삼성1동 161번지,서울특별시 강남구 봉은사로 612 (삼성동),(의)가산의료재단 광동한방병원,한방병원,강남구
1998,영업/정상,,"서울특별시 강남구 대치동 994번지 5호 1층일부, 2~3층,6~8층","서울특별시 강남구 영동대로 225, 1층일부, 2~3층,6~8층 (대치동)",재단법인대한스포츠의학재단강남나무병원,병원,강남구
1999,영업/정상,,서울특별시 강남구 신사동 617번지 7호,"서울특별시 강남구 언주로 871 (신사동, 호산병원)",호산여성병원,병원,강남구
1999,영업/정상,,서울특별시 강남구 대치동 945번지 삼안빌딩 4층,"서울특별시 강남구 테헤란로 520, 4층 (대치동, 삼안빌딩)",가우디치과병원,치과병원,강남구
2000,영업/정상,,신사동 665-1 (3층),"서울특별시 강남구 선릉로 823, 3층 (신사동)",수치과병원,치과병원,강남구
2001,영업/정상,,,"서울특별시 강남구 테헤란로87길 36, 3층 (삼성동, 도심공항타워)",건강한세상앞선치과병원,치과병원,강남구
2007,영업/정상,,"서울특별시 강남구 신사동 626번지 4호 지하2층, 지상3~5층","서울특별시 강남구 논현로168길 35, 지하2층, 3~5층 (신사동)",미병원,병원,강남구
2008,영업/정상,,신사동 665-1 (3층),"서울특별시 강남구 선릉로 823, 3층 (신사동)",수플란트치과병원,치과병원,강남구
2008,영업/정상,,서울특별시 강남구 신사동 638번지 8호,"서울특별시 강남구 언주로174길 15 (신사동, 구정빌딩)",토마스병원,병원,강남구
1996,폐업,2020.0,"서울특별시 강남구 신사동 636번지 7호  4,5,6층일부","서울특별시 강남구 언주로 860 (신사동, 4,5,6층일부)",에이플러스치과병원,치과병원,강남구
2007,영업/정상,,,"서울특별시 강남구 남부순환로 2609, 7~11층 (도곡동)",강남유나이티드병원,병원,강남구
2013,영업/정상,,서울특별시 강남구 도곡동 909번지 3호 한독빌딩 2층,"서울특별시 강남구 남부순환로 2645, 2층 (도곡동, 한독빌딩)",요나한방병원,한방병원,강남구
2013,영업/정상,,"서울특별시 강남구 대치동 651번지 여천빌딩, 503~505호, 508~509호, 604호","서울특별시 강남구 남부순환로 2909, 여천빌딩 503~505호, 508~509호, 604호호 (대치동)",이솝한방병원,한방병원,강남구
1990,영업/정상,,서울특별시 강남구 역삼동 650번지 9호,"서울특별시 강남구 논현로 566 (역삼동, 역삼동 606-4)",차의과학대학교 강남차병원,종합병원,강남구
2014,영업/정상,,서울특별시 강남구 세곡동 521번지,"서울특별시 강남구 헌릉로590길 60 (세곡동, 강남구립 행복요양병원)",의료법인참예원의료재단강남구립행복요양병원,요양병원,강남구
2018,영업/정상,,서울특별시 강남구 청담동 71번지 3호 9~14층,"서울특별시 강남구 영동대로 713, 9~14층 (청담동)",청담힐요양병원,요양병원,강남구
2015,영업/정상,,"서울특별시 강남구 청담동 15번지 1호 지하1층, 1층일부, 2층~6층","서울특별시 강남구 삼성로147길 46 (청담동, 청담병원 지하1층, 1층일부, 2층~6층)",청담병원,병원,강남구
2015,영업/정상,,서울특별시 강남구 논현동 210번지 담소유빌딩,"서울특별시 강남구 학동로 234, 담소유빌딩 (논현동)",담소유병원,병원,강남구
2002,영업/정상,,,"서울특별시 강남구 도곡로 429 (대치동, 베스티안병원 2층일부 제외)",재단법인베스티안재단베스티안서울병원,종합병원,강남구
2002,영업/정상,,서울특별시 강남구 대치동 606번지 1호 2층 일부,"서울특별시 강남구 남부순환로 2941 (대치동, 2층 일부)",연치과병원,치과병원,강남구
2013,영업/정상,,서울특별시 강남구 도곡동 942-3 지후빌딩,"서울특별시 강남구 도곡로 122, 지후빌딩 (도곡동)",강남제이에스병원,병원,강남구
1999,영업/정상,,서울특별시 강남구 논현동 142번지 3호 자생한방병원,서울특별시 강남구 강남대로 536 (논현동),자생한방병원,한방병원,강남구
2003,영업/정상,,서울특별시 강남구 역삼동 682번지 23호,"서울특별시 강남구 선릉로 571 (역삼동, KS병원)",케이에스병원,병원,강남구
2017,폐업,2018.0,서울특별시 송파구 석촌동 52번지 9호,"서울특별시 송파구 송파대로49길 37 (석촌동, 2층~5층)",프리허그한방병원,한방병원,송파구
2010,폐업,2011.0,"서울특별시 송파구 거여동 37번지 위례빌딩 2,6,7층","서울특별시 송파구 오금로 513 (거여동,위례빌딩 2,6,7층)",굿조인트병원,병원,송파구
2010,폐업,2011.0,서울특별시 송파구 삼전동 180번지 3호 지상8층,서울특별시 송파구 백제고분로 268 (삼전동),송파치과병원,치과병원,송파구
2011,폐업,2013.0,서울특별시 송파구 거여2동 37번지,"서울특별시 송파구 오금로 513 (거여동, 위례빌딩 2,3,4,5,6,7,8층)",굿조인트병원,병원,송파구
2010,폐업,2015.0,서울특별시 송파구 가락동 36번지 1호,"서울특별시 송파구 중대로 191 (가락동, 연세빌딩 전층)",서울외과병원,병원,송파구
2012,폐업,2012.0,서울특별시 송파구 잠실동 175번지 6호,서울특별시 송파구 올림픽로 76 (잠실동),선수촌병원,병원,송파구
2012,폐업,2013.0,서울특별시 송파구 가락동 57번지,서울특별시 송파구 송이로 111 (가락동),나눔요양병원,요양병원,송파구
2012,폐업,2018.0,,"서울특별시 송파구 마천로 238 (마천동, 윤진프라자타워)",송파마음요양병원,요양병원,송파구
1992,폐업,2009.0,서울특별시 송파구 송파동 20번지 8호,,경원대부속서울한방병원,한방병원,송파구
1996,폐업,2011.0,서울특별시 송파구 오금동 77번지 16호,서울특별시 송파구 마천로15길 6 (오금동),인애가한방병원,한방병원,송파구
1998,폐업,2014.0,서울특별시 송파구 마천동 42번지 7호,서울특별시 송파구 거마로 68 (마천동),의료법인장원의료재단송파성모병원,병원,송파구
2002,폐업,2016.0,서울특별시 송파구 잠실동 40번지 1호 롯데월드스포츠센터 7층,"서울특별시 송파구 올림픽로 240, 7층 (잠실동, 롯데월드스포츠센터))",가인치과병원,치과병원,송파구
2018,영업/정상,,"서울특별시 강남구 논현동 241번지 16호 2~4층, 5층일부","서울특별시 강남구 학동로50길 7, 2~4층 5층일부층 (논현동)",리봄한방병원,한방병원,강남구
2005,폐업,2014.0,서울특별시 송파구 삼전동 180번지 3호,"서울특별시 송파구 백제고분로 268 (삼전동, 지하1층~지상7층)",송파병원,병원,송파구
2008,폐업,2009.0,"서울특별시 송파구 가락동 159번지 7호 지하1층,5,6층",,행파노인전문병원,요양병원,송파구
2008,폐업,2014.0,서울특별시 송파구 송파동 20번지 7호,서울특별시 송파구 백제고분로 405 (송파동),필립요양병원,요양병원,송파구
1982,폐업,2009.0,"서울특별시 송파구 삼전동 9번지 3,4,10호",,잠실병원,병원,송파구
2005,영업/정상,,서울특별시 송파구 오금동 77번지 인애가요양병원,"서울특별시 송파구 마천로15길 6, 인애가요양병원 (오금동)",의료법인일맥의료재단 인애가요양병원,요양병원,송파구
2012,영업/정상,,서울특별시 송파구 석촌동 14번지 10호 어깨동무빌딩,"서울특별시 송파구 백제고분로 283, 어깨동무빌딩 (석촌동)",올림픽병원,병원,송파구
1993,영업/정상,,서울특별시 송파구 문정동 17번지 5호 인애가한방병원,"서울특별시 송파구 문정로 65, 인애가한방병원 1,2,5,6층 (문정동)",인애가송파한방병원,한방병원,송파구
2010,영업/정상,,서울특별시 송파구 오금동 126번지 송파참병원,"서울특별시 송파구 마천로 164, 송파참병원 (오금동)",의료법인참예원의료재단 송파참노인전문병원,요양병원,송파구
1997,영업/정상,,,"서울특별시 송파구 올림픽로 289, 3층 (신천동)",시그마치과병원,치과병원,송파구
2016,영업/정상,,서울특별시 송파구 가락동 112번지 7호,서울특별시 송파구 중대로 122 (가락동),혜민안과병원,병원,송파구
2017,영업/정상,,서울특별시 송파구 가락동 48번지 3호,"서울특별시 송파구 송이로 81 (가락동, 르노삼성자동차)",자닮인요양병원,요양병원,송파구
2011,영업/정상,,서울특별시 송파구 거여동 559번지 5호 삼원빌딩,"서울특별시 송파구 오금로 488, 삼원빌딩 (거여동)",송파새희망요양병원,요양병원,송파구
2016,영업/정상,,서울특별시 송파구 가락동 121번지 4호 태정타워,"서울특별시 송파구 송이로 156, 태정타워 (가락동)",강남센트럴요양병원,요양병원,송파구
1998,영업/정상,,서울특별시 송파구 풍납동 496번지 5호,"서울특별시 송파구 올림픽로 579 (풍납동, 서울초이스병원)",의료법인정애의료재단서울초이스병원,병원,송파구
1999,영업/정상,,,"서울특별시 송파구 중대로 68 (문정동, 훼밀리샤르망 505호)",수치과병원,치과병원,송파구
2008,영업/정상,,서울특별시 송파구 가락동 121번지 2호 마리아 의료재단 새병원,"서울특별시 송파구 송이로 152, 마리아 의료재단 새병원 (가락동)",의료법인마리아의료재단마리아병원,병원,송파구
2005,영업/정상,,서울특별시 송파구 방이동 114번지 3호,서울특별시 송파구 오금로 173 (방이동),포레힐요양병원,요양병원,송파구
2015,영업/정상,,서울특별시 송파구 방이동 22번지 3호 송파빌딩,"서울특별시 송파구 오금로 81, 송파빌딩 (방이동)",재단법인자생의료재단잠실자생한방병원,한방병원,송파구
2020,영업/정상,,서울특별시 송파구 삼전동 180번지 8호 태영빌딩,"서울특별시 송파구 삼학사로 53, 태영빌딩 (삼전동)",서울연세요양병원,요양병원,송파구
2019,영업/정상,,,"서울특별시 송파구 법원로11길 32, 지하2~1층, 지상5~11층,13층 (문정동)",학교법인혜화학원 대전대학교서울한방병원,한방병원,송파구
2007,영업/정상,,서울특별시 송파구 삼전동 38-5,서울특별시 송파구 삼전로2길 11 (삼전동),강남수병원,병원,송파구
1998,영업/정상,,,서울특별시 송파구 오금로 290 (가락동),서울병원,병원,송파구
2008,영업/정상,,서울특별시 송파구 가락동 159번지 7호 뉴스타트병원,"서울특별시 송파구 송이로 76, 뉴스타트병원 (가락동)",뉴스타트병원,병원,송파구
2009,영업/정상,,서울특별시 송파구 송파1동 20번지 8호 지하2층~지상7층,"서울특별시 송파구 백제고분로 407 (송파동, 지하 2층~7층)",강남힘찬병원,병원,송파구
2019,영업/정상,,서울특별시 송파구 방이동 109번지 3호,"서울특별시 송파구 오금로 129, 지하1층~6층 (방이동)",포레스트한방병원,한방병원,송파구
1998,영업/정상,,서울특별시 송파구 석촌동 174번지 13호 한솔병원,"서울특별시 송파구 송파대로 445, 한솔병원 (석촌동)",한솔병원,병원,송파구
2019,영업/정상,,서울특별시 송파구 잠실동 35번지 2호 트리지움,"서울특별시 송파구 석촌호수로 61, 트리지움상가 201호 (잠실동)",더바름치과병원,치과병원,송파구
1983,폐업,2004.0,서울특별시 강동구 성내동 78번지 1호,,강동병원,병원,강동구
2018,영업/정상,,서울특별시 강동구 길동 426번지,서울특별시 강동구 천호대로 1151 (길동),고은빛여성병원,병원,강동구
2010,폐업,2019.0,서울특별시 강동구 길동 412번지 10호,서울특별시 강동구 양재대로 1461 (길동),예닮요양병원,요양병원,강동구
2010,폐업,2015.0,서울특별시 강동구 성내1동 553번지 17호,서울특별시 강동구 올림픽로 546 (성내동),연세사랑병원,병원,강동구
2012,폐업,2014.0,서울특별시 강동구 길동 459번지 1호,서울특별시 강동구 천호대로 1133 (길동),튼튼병원,병원,강동구
1985,폐업,2018.0,서울특별시 강동구 천호2동 357번지,서울특별시 강동구 올림픽로 684 (천호동),의료법인 한국암치료재단 서울중입자병원,병원,강동구
1994,폐업,2003.0,서울특별시 강동구 암사1동 479번지 13호,,강동성모병원,병원,강동구
1994,폐업,2004.0,서울특별시 강동구 성내1동 551번지 3호,,의료법인우신의료재단우신향한방병원,한방병원,강동구
2004,폐업,2005.0,서울특별시 강동구 암사1동 479번지 13호,,아름다운병원,병원,강동구
2004,폐업,2007.0,서울특별시 강동구 성내2동 9번지 14호,,강남아산병원,병원,강동구
2013,영업/정상,,,서울특별시 송파구 올림픽로 76 (잠실동),선수촌병원,병원,송파구
2014,영업/정상,,서울특별시 송파구 마천동 26번지 11호 보은빌딩,"서울특별시 송파구 마천로 227, 보은빌딩 (마천동)",더사랑요양병원,요양병원,송파구
2019,영업/정상,,서울특별시 송파구 가락동 36번지 1호 한미사랑병원,"서울특별시 송파구 중대로 191, 서울힐링요양병원 (가락동)",서울힐링요양병원,요양병원,송파구
2014,영업/정상,,서울특별시 송파구 송파동 20번지 7호 유니온테크송파빌딩,"서울특별시 송파구 백제고분로 405, 유니온테크송파빌딩 (송파동)",빠른병원,병원,송파구
2014,영업/정상,,서울특별시 송파구 거여동 37번지 위례빌딩,"서울특별시 송파구 오금로 513, 위례빌딩 (거여동)",송파미소병원,병원,송파구
2005,폐업,,서울특별시 강동구 길1동 424번지,,서울양병원,병원,강동구
2005,폐업,2005.0,서울특별시 강동구 천호4동 362번지 3호,,로뎀요양병원,요양병원,강동구
2005,폐업,2017.0,서울특별시 강동구 천호동 362번지 3호,서울특별시 강동구 올림픽로80길 31 (천호동),사회복지법인소원의항구로뎀노인전문병원,요양병원,강동구
2013,폐업,2013.0,"서울특별시 강동구 천호동 357번지 5,6층","서울특별시 강동구 올림픽로 684, 5,6층 (천호동)",(의)엘림의료재단 힐링요양병원,요양병원,강동구
1982,폐업,2010.0,서울특별시 강동구 길1동 412번지 10호,,서울현대병원,병원,강동구
1983,폐업,2009.0,서울특별시 강동구 성내2동 199번지 5호,,동주병원,병원,강동구
2006,폐업,2015.0,"서울특별시 강동구 길동 318번지 4,5층",서울특별시 강동구 천호대로 1165 (길동),길동노인요양병원,요양병원,강동구
2007,폐업,2013.0,서울특별시 강동구 천호2동 419번지 3호,,서울수정형외과병원,병원,강동구
2013,폐업,2018.0,"서울특별시 강동구 천호동 357번지 5,6층","서울특별시 강동구 올림픽로 684, 5,6층 (천호동)",의료법인 한국암치료재단 헬스피아요양병원,요양병원,강동구
2016,폐업,2017.0,,"서울특별시 강동구 양재대로 1412, 3,4,5층 (둔촌동, 토림빌)",강동제일병원,병원,강동구
2010,영업/정상,,,"서울특별시 강동구 올림픽로98길 8 (암사동, 동부센트럴요양병원)",동부센트럴요양병원,요양병원,강동구
2012,영업/정상,,서울특별시 강동구 명일동 345번지 8호,서울특별시 강동구 양재대로 1580 (명일동),사랑플러스병원,병원,강동구
2011,영업/정상,,서울특별시 강동구 길동 320번지 4호,서울특별시 강동구 양재대로 1556 (길동),강동한방병원,한방병원,강동구
2009,영업/정상,,서울특별시 강동구 성내동 199번지 5호,서울특별시 강동구 천호대로170길 19 (성내동),조은마디병원,병원,강동구
2012,영업/정상,,,서울특별시 강동구 풍성로37길 45 (성내동),공안과병원,병원,강동구
2004,영업/정상,,서울특별시 강동구 성내동 551번지 3호 인애가한방병원,"서울특별시 강동구 성내로6길 15, 인애가한방병원 (성내동)",의료법인일맥의료재단인애가한방병원,한방병원,강동구
2018,폐업,2020.0,서울특별시 강동구 길동 419번지,서울특별시 강동구 진황도로 122 (길동),서울실버한방병원,한방병원,강동구
2006,영업/정상,,,서울특별시 강동구 동남로 892 (상일동),강동경희대학교한방병원,한방병원,강동구
2003,영업/정상,,,서울특별시 강동구 천호대로 1043 (천호동),강동미즈여성병원,병원,강동구
2008,영업/정상,,"서울특별시 강동구 성내동 62번지 4호 3층, 4층",서울특별시 강동구 천호대로 1012 (성내동),허리나은병원,병원,강동구
2007,영업/정상,,서울특별시 강동구 성내동 553번지 17호 G.M.F.빌딩,"서울특별시 강동구 올림픽로 546, G.M.F.빌딩 (성내동)",청병원,병원,강동구
2014,영업/정상,,서울특별시 강동구 길동 459번지 1호,서울특별시 강동구 천호대로 1133 (길동),남기세병원,병원,강동구
2014,영업/정상,,서울특별시 강동구 상일동 501번지,"서울특별시 강동구 상일로10길 36, 2층 202,203호 (상일동, 세종텔레콤지식산업센터)",연세미래엔미소치과병원,치과병원,강동구
2007,폐업,2020.0,,서울특별시 강동구 양재대로 1596 (명일동),러스크강동병원,병원,강동구
2005,영업/정상,,,서울특별시 강동구 천호대로 1159 (길동),서울양병원,병원,강동구
2014,영업/정상,,서울특별시 강동구 성내동 548번지 5호 채원자연통합병원빌딩,"서울특별시 강동구 성내로 66, 채원자연통합병원빌딩 (성내동)",더셀채원병원,병원,강동구
1993,영업/정상,,서울특별시 양천구 목동 911번지 1호,서울특별시 양천구 안양천로 1071 (목동),이화여자대학교의과대학부속목동병원,종합병원,양천구
2014,영업/정상,,,서울특별시 강동구 천호대로 1044 (성내동),리더스병원,병원,강동구
2013,영업/정상,,,서울특별시 강동구 천호대로 1165 (길동),달려라병원,병원,강동구
2018,영업/정상,,서울특별시 영등포구 신길동 861번지 일이빌딩,"서울특별시 영등포구 여의대방로 203 (신길동, 일이빌딩)",연세베스트요양병원,요양병원,영등포구
2009,폐업,2018.0,"서울특별시 강동구 천호동 421번지 4호 2층일부, 3,4,5,6층",서울특별시 강동구 구천면로 202 (천호동),연세영동요양병원,요양병원,강동구
2015,영업/정상,,"서울특별시 마포구 노고산동 57번지 1호 그랜드플라자 10층,11층","서울특별시 마포구 신촌로 94, 10층,11층 (노고산동, 그랜드플라자)",신촌다인치과병원,치과병원,마포구
2003,영업/정상,,"서울특별시 강남구 청담동 131-17 경일빌딩 1~12층, 14층, 지하1~2층, 지하4~5층","서울특별시 강남구 영동대로 726, 경일빌딩1~12층, 14층, 지하1~2층, 지하4~5층 (청담동)",제일정형외과병원,병원,강남구
2009,영업/정상,,"서울특별시 강남구 대치동 910번지 1호 2층,3층,5층,6층","서울특별시 강남구 역삼로 430 (대치동, 2층,3층,5층,6층)",재단법인위담 위담한방병원,한방병원,강남구
2006,영업/정상,,서울특별시 관악구 조원동 543번지 18호,"서울특별시 관악구 남부순환로 1449 (신림동, 서울본병원)",서울본병원,병원,관악구
2000,영업/정상,,서울특별시 영등포구 영등포동8가 12번지 1호,서울특별시 영등포구 영중로34길 6 (영등포동8가),뉴서울성모요양병원,요양병원,영등포구
2018,영업/정상,,"서울특별시 강남구 대치동 960번지 5호 티아빌딩(지하2층일부, 2~7층)","서울특별시 강남구 삼성로 402, 지하2층일부, 2~7층 (대치동)",강남위담한방병원,한방병원,강남구
2011,영업/정상,,,서울특별시 성북구 북악산로1길 71 (정릉동),의료법인참예원의료재단 성북참노인전문병원,요양병원,성북구
2011,영업/정상,,서울특별시 강동구 천호동 425-5 대우 한강 베네시티,"서울특별시 강동구 올림픽로 664, 4층 (천호동, 대우 한강 베네시티)",아이엠치과병원,치과병원,강동구
1984,영업/정상,,서울특별시 중랑구 상봉동 108번지 2호,서울특별시 중랑구 면목로 473 (상봉동),강북21세기병원,병원,중랑구
2018,영업/정상,,서울특별시 관악구 봉천동 1673번지 17호,서울특별시 관악구 남부순환로 1867 (봉천동),장튼위튼병원,병원,관악구
2019,영업/정상,,"서울특별시 금천구 시흥동 1031번지 엠타워 7,8,9,14,지하2층","서울특별시 금천구 시흥대로73길 67, 엠타워 7,8,9,14,지하2층 (시흥동)",파라솔요양병원,요양병원,금천구
2011,영업/정상,,서울특별시 영등포구 영등포동4가 153번지 1호,서울특별시 영등포구 영신로34길 5 (영등포동4가),덕수의료재단 덕수요양병원,요양병원,영등포구
1994,영업/정상,,,"서울특별시 서대문구 연희로 272, 동신병원 본관동 (홍은동)",의료법인동신의료재단 동신병원,종합병원,서대문구
1986,영업/정상,,,서울특별시 강동구 성안로 150 (길동),성심의료재단강동성심병원,종합병원,강동구
2007,영업/정상,,서울특별시 강동구 천호동 362번지 3호 로뎀빌딩,"서울특별시 강동구 올림픽로80길 31, 로뎀빌딩 (천호동)",강동성모요양병원,요양병원,강동구
2020,영업/정상,,서울특별시 강서구 마곡동 800번지 5호,"서울특별시 강서구 공항대로 228, 4,5층 (마곡동)",무척바른한방병원,한방병원,강서구
2006,영업/정상,,서울특별시 성북구 길음동 21번지 72호,서울특별시 성북구 동소문로47길 8 (길음동),서울척병원,병원,성북구
2014,영업/정상,,,"서울특별시 영등포구 양평로 99, 지하2, 6~9층 (양평동4가, 대명빌딩)",대명요양병원,요양병원,영등포구
2018,영업/정상,,서울특별시 강동구 천호동 421번지 4호 행복타워빌딩,"서울특별시 강동구 구천면로 202, 행복타워빌딩 B2,2,3,4,6층 (천호동)",강동우리들요양병원,요양병원,강동구
2006,영업/정상,,,"서울특별시 관악구 남부순환로 1860, -1,1,3,4,5층 (봉천동,  )",사랑의병원,병원,관악구
2017,영업/정상,,,서울특별시 강동구 올림픽로 684 (천호동),서울현대요양병원,요양병원,강동구
2015,영업/정상,,서울특별시 동대문구 용두동 36번지 2호 외 2필지,서울특별시 동대문구 고산자로 379 (용두동),서울에이스요양병원,요양병원,동대문구
2012,영업/정상,,서울특별시 동대문구 용두동 129번지 36호,"서울특별시 동대문구 무학로 88 (용두동, 지하2~지상8층)",왕십리휴요양병원,요양병원,동대문구
2008,영업/정상,,서울특별시 동대문구 답십리동 497번지 66호,서울특별시 동대문구 천호대로 259-1 (답십리동),효림요양병원,요양병원,동대문구
2017,영업/정상,,서울특별시 영등포구 신길동 65번지 33호,"서울특별시 영등포구 영등포로 386 (신길동, 동인빌딩)",어울림병원,병원,영등포구
2014,영업/정상,,서울특별시 강동구 천호동 51번지 7호 남해빌딩,"서울특별시 강동구 양재대로 1517, 남해빌딩 2~5층 (천호동)",강동모커리한방병원,한방병원,강동구
1986,영업/정상,,,"서울특별시 영등포구 63로 10, 여의도성모병원 (여의도동)",가톨릭대학교 여의도성모병원,종합병원,영등포구
2017,영업/정상,,"서울특별시 송파구 송파동 135번지 3호 4,14,15","서울특별시 송파구 백제고분로 436 (송파동, 서재곤링커병원)",서재곤링커병원,병원,송파구
2017,영업/정상,,서울특별시 송파구 문정동 640번지 3호 한스,"서울특별시 송파구 정의로8길 7, 한스 (문정동)",민트병원,병원,송파구
2011,영업/정상,,서울특별시 영등포구 신길동 232번지 50호,서울특별시 영등포구 신길로 173 (신길동),재단법인한국산업보건환경연구소부설 해상병원,병원,영등포구
2019,영업/정상,,서울특별시 송파구 마천동 32번지 윤진프라자타워,"서울특별시 송파구 마천로 238, 윤진프라자타워 (마천동)",송파그랜드요양병원,요양병원,송파구
2012,영업/정상,,서울특별시 강동구 천호동 315번지 2호,서울특별시 강동구 올림픽로 734 (천호동),강동연세병원,병원,강동구
2010,영업/정상,,서울특별시 구로구 구로동 1126번지 34호 금강빌딩,"서울특별시 구로구 시흥대로 547, 금강빌딩 지하1,2~10층(구로동), 디지털로32가길 25, 티타운빌딩 B102,103,205,206,302 (구로동)",참튼튼병원,병원,구로구
2019,영업/정상,,서울특별시 성동구 성수동2가 279번지 44호,서울특별시 성동구 동일로 133 (성수동2가),연세바로척병원,병원,성동구
1983,영업/정상,,,서울특별시 강동구 진황도로61길 53 (둔촌동),한국보훈복지의료공단 중앙보훈병원,종합병원,강동구
2006,영업/정상,,,서울특별시 강동구 동남로 892 (상일동),강동경희대학교의대병원,종합병원,강동구
2016,영업/정상,,서울특별시 중랑구 망우동 460번지 1호,서울특별시 중랑구 봉우재로 234 (망우동),늘찬병원,병원,중랑구
2014,영업/정상,,서울특별시 강동구 둔촌동 6번지 2호 중앙보훈병원,"서울특별시 강동구 진황도로61길 53, 중앙보훈병원 (둔촌동)",한국보훈복지의료공단 보훈요양병원,요양병원,강동구
2014,영업/정상,,서울특별시 영등포구 대림동 603번지 26호,"서울특별시 영등포구 도신로 41 (대림동, 코스모메디칼)",새롬한방병원,한방병원,영등포구
2019,영업/정상,,서울특별시 관악구 신림동 1638번지 1호 삼모더프라임타워,"서울특별시 관악구 신원로 35, 삼모더프라임타워 6층 (신림동)",치유본한방병원,한방병원,관악구
1985,영업/정상,,,"서울특별시 노원구 노원로 75, 한국원자력의학원 (공릉동)",한국원자력의학원원자력병원,종합병원,노원구
2006,영업/정상,,서울특별시 강동구 상일동 149번지,서울특별시 강동구 동남로 892 (상일동),강동경희대학교치과병원,치과병원,강동구
2020,영업/정상,,서울특별시 중랑구 망우동 207-2,서울특별시 중랑구 망우로 470 (망우동),러스크서울병원,병원,중랑구
1997,영업/정상,,서울특별시 강서구 화곡동 105-68 더와이즈황병원,"서울특별시 강서구 까치산로 23, 더와이즈황병원 (화곡동)",더와이즈황병원,병원,강서구
2010,영업/정상,,"서울특별시 관악구 봉천동 937번지 15호 2,3,4,5,6층","서울특별시 관악구 은천로 51 (봉천동, 2,3,4,5,6층)",은천요양병원,요양병원,관악구
1974,영업/정상,,,서울특별시 서대문구 연세로 50-1 (신촌동),학교법인연세대학교의과대학세브란스병원,종합병원,서대문구
2015,영업/정상,,서울특별시 관악구 신림동 527-13 삼남빌딩,"서울특별시 관악구 남부순환로 1485, 삼남빌딩 2~6층 (신림동)",심정병원,병원,관악구
2010,영업/정상,,,"서울특별시 영등포구 대림로 223 (대림동, 명지춘혜병원)",의료법인 춘혜의료재단 명지춘혜재활병원,병원,영등포구
2014,영업/정상,,,"서울특별시 중랑구 망우로 403, 5층,6층,7층 (망우동)",마인드웰병원,요양병원,중랑구
2015,영업/정상,,서울특별시 송파구 가락동 122번지 6호,서울특별시 송파구 송이로 148 (가락동),서울석병원,병원,송파구
2014,영업/정상,,서울특별시 서초구 서초동 1603-1 블루핀타워,"서울특별시 서초구 서초중앙로 42, 블루핀타워 지하2층,지하1층,1층,2층,3층 동 (서초동)",장덕한방병원,한방병원,서초구
2013,영업/정상,,,"서울특별시 중랑구 동일로 679 (면목동, 88병원)",팔팔병원,병원,중랑구
2006,영업/정상,,서울특별시 중랑구 망우본동 227번지,서울특별시 중랑구 양원역로 38 (망우동),서울특별시 북부병원,병원,중랑구
1984,영업/정상,,,서울특별시 서대문구 세무서길 20 (홍제동),재단법인대성병원,병원,서대문구
2019,영업/정상,,서울특별시 영등포구 신길동 103번지 9호 대윤메디컬센터,"서울특별시 영등포구 영등포로 358, 대윤메디컬센터 지하1층, 2-5층 (신길동)",대윤한방병원,한방병원,영등포구
2008,영업/정상,,서울특별시 서대문구 북가좌1동 392번지 23호,서울특별시 서대문구 수색로 131 (북가좌동),사랑요양병원,요양병원,서대문구
1982,영업/정상,,서울특별시 영등포구 영등포동7가 94번지 200호,"서울특별시 영등포구 버드나루로7길 12 (영등포동7가, 한강성심병원)",한림대학교 한강성심병원,종합병원,영등포구
2012,영업/정상,,서울특별시 성동구 송정동 81번지 14호,서울특별시 성동구 광나루로 243 (송정동),학교법인대진교육재단 제인병원,병원,성동구
2019,영업/정상,,서울특별시 서초구 방배동 795번지 22호 창생빌딩,"서울특별시 서초구 방배로 223, 창생빌딩 2~7층 (방배동)",참푸른병원,병원,서초구
1980,영업/정상,,서울특별시 영등포구 대림동 948번지 1호,"서울특별시 영등포구 신길로 1 (대림동, 강남성심병원)",한림대학교 강남성심병원,종합병원,영등포구
1971,영업/정상,,,"서울특별시 송파구 송이로 123, 국립경찰병원 (가락동)",경찰병원,종합병원,송파구
1980,영업/정상,,서울특별시 관악구 신림동 10번지 715호 양지병원,"서울특별시 관악구 남부순환로 1636, 양지병원 (신림동)",에이치플러스 양지병원,종합병원,관악구
2014,영업/정상,,"서울특별시 송파구 신천동 7번지 17호 한빛프라자,삼성웰리스아파트","서울특별시 송파구 송파대로 562, 2,3,8층 (신천동, 한빛프라자,삼성웰리스아파트)",(本)본브릿지병원,병원,송파구
2013,영업/정상,,서울특별시 송파구 가락동 57번지 B3-6층,"서울특별시 송파구 송이로 111, B3-6층 (가락동, 청석빌딩)",드림요양병원,요양병원,송파구
2020,영업/정상,,서울특별시 강동구 길동 420,서울특별시 강동구 진황도로 124 (길동),서울성심한방병원,한방병원,강동구
1989,영업/정상,,서울특별시 송파구 풍납동 388번지 1호 서울아산병원,"서울특별시 송파구 올림픽로43길 88, 서울아산병원 (풍납동)",재단법인아산사회복지재단 서울아산병원,종합병원,송파구
2018,영업/정상,,서울특별시 영등포구 문래동3가 54번지 54호,서울특별시 영등포구 경인로 767 (문래동3가),서울센트럴요양병원,요양병원,영등포구
